Limb,Time,Value
LEFT_ARM,1625020809910000000,1.6045181E7
LEFT_ARM,1625020809943332968,1.6035665E7
LEFT_ARM,1625020809976665937,1.6031995E7
LEFT_ARM,1625020810009998906,1.6024915E7
LEFT_ARM,1625020810043331875,1.6018673E7
LEFT_ARM,1625020810076664843,1.6021113E7
LEFT_ARM,1625020810109997812,1.6029941E7
LEFT_ARM,1625020810143330781,1.6039215E7
LEFT_ARM,1625020810176663750,1.6045732E7
LEFT_ARM,1625020810209996718,1.6049923E7
LEFT_ARM,1625020810243329687,1.605352E7
LEFT_ARM,1625020810276662656,1.6061693E7
LEFT_ARM,1625020810309995625,1.6078965E7
LEFT_ARM,1625020810343328593,1.6094256E7
LEFT_ARM,1625020810376661562,1.6104011E7
LEFT_ARM,1625020810409994531,1.6118184E7
LEFT_ARM,1625020810443327500,1.6128348E7
LEFT_ARM,1625020810476660468,1.6139135E7
LEFT_ARM,1625020810509993437,1.6159636E7
LEFT_ARM,1625020810543326406,1.6177713E7
LEFT_ARM,1625020810576659375,1.6187501E7
LEFT_ARM,1625020810609992343,1.6200299E7
LEFT_ARM,1625020810643325312,1.6218341E7
LEFT_ARM,1625020810676658281,1.6226671E7
LEFT_ARM,1625020810709991250,1.6236395E7
LEFT_ARM,1625020810743324218,1.6242312E7
LEFT_ARM,1625020810776657187,1.6256867E7
LEFT_ARM,1625020810809990156,1.6271781E7
LEFT_ARM,1625020810843323125,1.6282105E7
LEFT_ARM,1625020810876656093,1.6285052E7
LEFT_ARM,1625020810909989062,1.6267484E7
LEFT_ARM,1625020810943322031,1.6222053E7
LEFT_ARM,1625020810976655000,1.6170331E7
LEFT_ARM,1625020811009987968,1.6123928E7
LEFT_ARM,1625020811043320937,1.6083884E7
LEFT_ARM,1625020811076653906,1.6047837E7
LEFT_ARM,1625020811109986875,1.60132E7
LEFT_ARM,1625020811143319843,1.5988885E7
LEFT_ARM,1625020811176652812,1.5977553E7
LEFT_ARM,1625020811209985781,1.597152E7
LEFT_ARM,1625020811243318750,1.5969256E7
LEFT_ARM,1625020811276651718,1.5969991E7
LEFT_ARM,1625020811309984687,1.5971981E7
LEFT_ARM,1625020811343317656,1.5967597E7
LEFT_ARM,1625020811376650625,1.5977489E7
LEFT_ARM,1625020811409983593,1.5988912E7
LEFT_ARM,1625020811443316562,1.5997271E7
LEFT_ARM,1625020811476649531,1.6007465E7
LEFT_ARM,1625020811509982500,1.6019208E7
LEFT_ARM,1625020811543315468,1.6030424E7
LEFT_ARM,1625020811576648437,1.6038612E7
LEFT_ARM,1625020811609981406,1.6049717E7
LEFT_ARM,1625020811643314375,1.6056551E7
LEFT_ARM,1625020811676647343,1.6064185E7
LEFT_ARM,1625020811709980312,1.6079083E7
LEFT_ARM,1625020811743313281,1.6091425E7
LEFT_ARM,1625020811776646250,1.609746E7
LEFT_ARM,1625020811809979218,1.6109485E7
LEFT_ARM,1625020811843312187,1.6128028E7
LEFT_ARM,1625020811876645156,1.6139136E7
LEFT_ARM,1625020811909978125,1.6153639E7
LEFT_ARM,1625020811943311093,1.6166673E7
LEFT_ARM,1625020811976644062,1.6183211E7
LEFT_ARM,1625020812009977031,1.6186728E7
LEFT_ARM,1625020812043310000,1.6169099E7
LEFT_ARM,1625020812076642968,1.6125683E7
LEFT_ARM,1625020812109975937,1.6069299E7
LEFT_ARM,1625020812143308906,1.6014407E7
LEFT_ARM,1625020812176641875,1.5969667E7
LEFT_ARM,1625020812209974843,1.5929376E7
LEFT_ARM,1625020812243307812,1.5894916E7
LEFT_ARM,1625020812276640781,1.5863409E7
LEFT_ARM,1625020812309973750,1.5853449E7
LEFT_ARM,1625020812343306718,1.5849795E7
LEFT_ARM,1625020812376639687,1.5847101E7
LEFT_ARM,1625020812409972656,1.5841444E7
LEFT_ARM,1625020812443305625,1.5840641E7
LEFT_ARM,1625020812476638593,1.5842932E7
LEFT_ARM,1625020812509971562,1.5845777E7
LEFT_ARM,1625020812543304531,1.5852975E7
LEFT_ARM,1625020812576637500,1.586268E7
LEFT_ARM,1625020812609970468,1.5870957E7
LEFT_ARM,1625020812643303437,1.5885043E7
LEFT_ARM,1625020812676636406,1.5897564E7
LEFT_ARM,1625020812709969375,1.5903421E7
LEFT_ARM,1625020812743302343,1.5912712E7
LEFT_ARM,1625020812776635312,1.5928288E7
LEFT_ARM,1625020812809968281,1.5939488E7
LEFT_ARM,1625020812843301250,1.5947136E7
LEFT_ARM,1625020812876634218,1.5959957E7
LEFT_ARM,1625020812909967187,1.5972672E7
LEFT_ARM,1625020812943300156,1.5988064E7
LEFT_ARM,1625020812976633125,1.6002424E7
LEFT_ARM,1625020813009966093,1.6018757E7
LEFT_ARM,1625020813043299062,1.6030364E7
LEFT_ARM,1625020813076632031,1.6048152E7
LEFT_ARM,1625020813109965000,1.6064224E7
LEFT_ARM,1625020813143297968,1.60788E7
LEFT_ARM,1625020813176630937,1.6086819E7
LEFT_ARM,1625020813209963906,1.606196E7
LEFT_ARM,1625020813243296875,1.6010043E7
LEFT_ARM,1625020813276629843,1.5951015E7
LEFT_ARM,1625020813309962812,1.589978E7
LEFT_ARM,1625020813343295781,1.5858251E7
LEFT_ARM,1625020813376628750,1.5824003E7
LEFT_ARM,1625020813409961718,1.5794181E7
LEFT_ARM,1625020813443294687,1.577472E7
LEFT_ARM,1625020813476627656,1.5768691E7
LEFT_ARM,1625020813509960625,1.5766603E7
LEFT_ARM,1625020813543293593,1.5762453E7
LEFT_ARM,1625020813576626562,1.5757712E7
LEFT_ARM,1625020813609959531,1.5751125E7
LEFT_ARM,1625020813643292500,1.5755548E7
LEFT_ARM,1625020813676625468,1.5761331E7
LEFT_ARM,1625020813709958437,1.5765445E7
LEFT_ARM,1625020813743291406,1.5769499E7
LEFT_ARM,1625020813776624375,1.5781363E7
LEFT_ARM,1625020813809957343,1.5789931E7
LEFT_ARM,1625020813843290312,1.5798801E7
LEFT_ARM,1625020813876623281,1.5808093E7
LEFT_ARM,1625020813909956250,1.5818571E7
LEFT_ARM,1625020813943289218,1.5832347E7
LEFT_ARM,1625020813976622187,1.5840576E7
LEFT_ARM,1625020814009955156,1.5847977E7
LEFT_ARM,1625020814043288125,1.5860736E7
LEFT_ARM,1625020814076621093,1.5873065E7
LEFT_ARM,1625020814109954062,1.5888741E7
LEFT_ARM,1625020814143287031,1.5896483E7
LEFT_ARM,1625020814176620000,1.5911065E7
LEFT_ARM,1625020814209952968,1.5922351E7
LEFT_ARM,1625020814243285937,1.5939433E7
LEFT_ARM,1625020814276618906,1.5942447E7
LEFT_ARM,1625020814309951875,1.5916005E7
LEFT_ARM,1625020814343284843,1.5858413E7
LEFT_ARM,1625020814376617812,1.5795863E7
LEFT_ARM,1625020814409950781,1.5737344E7
LEFT_ARM,1625020814443283750,1.5692892E7
LEFT_ARM,1625020814476616718,1.5651563E7
LEFT_ARM,1625020814509949687,1.5614259E7
LEFT_ARM,1625020814543282656,1.5586171E7
LEFT_ARM,1625020814576615625,1.5575965E7
LEFT_ARM,1625020814609948593,1.5572679E7
LEFT_ARM,1625020814643281562,1.5565312E7
LEFT_ARM,1625020814676614531,1.5561811E7
LEFT_ARM,1625020814709947500,1.5559339E7
LEFT_ARM,1625020814743280468,1.5560292E7
LEFT_ARM,1625020814776613437,1.5564469E7
LEFT_ARM,1625020814809946406,1.5574885E7
LEFT_ARM,1625020814843279375,1.5587705E7
LEFT_ARM,1625020814876612343,1.5598789E7
LEFT_ARM,1625020814909945312,1.5611945E7
LEFT_ARM,1625020814943278281,1.5625424E7
LEFT_ARM,1625020814976611250,1.563772E7
LEFT_ARM,1625020815009944218,1.5655999E7
LEFT_ARM,1625020815043277187,1.5669141E7
LEFT_ARM,1625020815076610156,1.5677411E7
LEFT_ARM,1625020815109943125,1.5680841E7
LEFT_ARM,1625020815143276093,1.5689813E7
LEFT_ARM,1625020815176609062,1.5691988E7
LEFT_ARM,1625020815209942031,1.5689664E7
LEFT_ARM,1625020815243275000,1.5684735E7
LEFT_ARM,1625020815276607968,1.5682885E7
LEFT_ARM,1625020815309940937,1.5690008E7
LEFT_ARM,1625020815343273906,1.5692872E7
LEFT_ARM,1625020815376606875,1.5695719E7
LEFT_ARM,1625020815409939843,1.5692585E7
LEFT_ARM,1625020815443272812,1.5670416E7
LEFT_ARM,1625020815476605781,1.5618341E7
LEFT_ARM,1625020815509938750,1.5548824E7
LEFT_ARM,1625020815543271718,1.5485904E7
LEFT_ARM,1625020815576604687,1.5435364E7
LEFT_ARM,1625020815609937656,1.5394353E7
LEFT_ARM,1625020815643270625,1.5352544E7
LEFT_ARM,1625020815676603593,1.5321165E7
LEFT_ARM,1625020815709936562,1.5301203E7
LEFT_ARM,1625020815743269531,1.5299069E7
LEFT_ARM,1625020815776602500,1.5295525E7
LEFT_ARM,1625020815809935468,1.5291096E7
LEFT_ARM,1625020815843268437,1.5290496E7
LEFT_ARM,1625020815876601406,1.5293531E7
LEFT_ARM,1625020815909934375,1.5301184E7
LEFT_ARM,1625020815943267343,1.5308172E7
LEFT_ARM,1625020815976600312,1.5319296E7
LEFT_ARM,1625020816009933281,1.5329964E7
LEFT_ARM,1625020816043266250,1.534104E7
LEFT_ARM,1625020816076599218,1.5346959E7
LEFT_ARM,1625020816109932187,1.5353237E7
LEFT_ARM,1625020816143265156,1.5363899E7
LEFT_ARM,1625020816176598125,1.5370389E7
LEFT_ARM,1625020816209931093,1.5382499E7
LEFT_ARM,1625020816243264062,1.5395521E7
LEFT_ARM,1625020816276597031,1.5403923E7
LEFT_ARM,1625020816309930000,1.5424029E7
LEFT_ARM,1625020816343262968,1.5436491E7
LEFT_ARM,1625020816376595937,1.5453292E7
LEFT_ARM,1625020816409928906,1.5468025E7
LEFT_ARM,1625020816443261875,1.5482745E7
LEFT_ARM,1625020816476594843,1.5496661E7
LEFT_ARM,1625020816509927812,1.5516771E7
LEFT_ARM,1625020816543260781,1.5530884E7
LEFT_ARM,1625020816576593750,1.5543124E7
LEFT_ARM,1625020816609926718,1.5529724E7
LEFT_ARM,1625020816643259687,1.5482056E7
LEFT_ARM,1625020816676592656,1.54284E7
LEFT_ARM,1625020816709925625,1.5378152E7
LEFT_ARM,1625020816743258593,1.5335532E7
LEFT_ARM,1625020816776591562,1.5305443E7
LEFT_ARM,1625020816809924531,1.5276625E7
LEFT_ARM,1625020816843257500,1.5255323E7
LEFT_ARM,1625020816876590468,1.5248984E7
LEFT_ARM,1625020816909923437,1.5250117E7
LEFT_ARM,1625020816943256406,1.5245841E7
LEFT_ARM,1625020816976589375,1.5243697E7
LEFT_ARM,1625020817009922343,1.5249532E7
LEFT_ARM,1625020817043255312,1.5247903E7
LEFT_ARM,1625020817076588281,1.5252128E7
LEFT_ARM,1625020817109921250,1.5262275E7
LEFT_ARM,1625020817143254218,1.5272497E7
LEFT_ARM,1625020817176587187,1.5281487E7
LEFT_ARM,1625020817209920156,1.5292453E7
LEFT_ARM,1625020817243253125,1.5294084E7
LEFT_ARM,1625020817276586093,1.5301791E7
LEFT_ARM,1625020817309919062,1.5317219E7
LEFT_ARM,1625020817343252031,1.5332511E7
LEFT_ARM,1625020817376585000,1.5353668E7
LEFT_ARM,1625020817409917968,1.5380021E7
LEFT_ARM,1625020817443250937,1.5403128E7
LEFT_ARM,1625020817476583906,1.5416949E7
LEFT_ARM,1625020817509916875,1.5422112E7
LEFT_ARM,1625020817543249843,1.5433164E7
LEFT_ARM,1625020817576582812,1.5442523E7
LEFT_ARM,1625020817609915781,1.54526E7
LEFT_ARM,1625020817643248750,1.5465019E7
LEFT_ARM,1625020817676581718,1.5478349E7
LEFT_ARM,1625020817709914687,1.5477373E7
LEFT_ARM,1625020817743247656,1.5447961E7
LEFT_ARM,1625020817776580625,1.5377369E7
LEFT_ARM,1625020817809913593,1.5304045E7
LEFT_ARM,1625020817843246562,1.5245371E7
LEFT_ARM,1625020817876579531,1.5199969E7
LEFT_ARM,1625020817909912500,1.5156701E7
LEFT_ARM,1625020817943245468,1.5109379E7
LEFT_ARM,1625020817976578437,1.5068597E7
LEFT_ARM,1625020818009911406,1.5044155E7
LEFT_ARM,1625020818043244375,1.5028763E7
LEFT_ARM,1625020818076577343,1.5023148E7
LEFT_ARM,1625020818109910312,1.5021413E7
LEFT_ARM,1625020818143243281,1.5021949E7
LEFT_ARM,1625020818176576250,1.5023805E7
LEFT_ARM,1625020818209909218,1.5032885E7
LEFT_ARM,1625020818243242187,1.5046275E7
LEFT_ARM,1625020818276575156,1.5064952E7
LEFT_ARM,1625020818309908125,1.5080925E7
LEFT_ARM,1625020818343241093,1.5099423E7
LEFT_ARM,1625020818376574062,1.511492E7
LEFT_ARM,1625020818409907031,1.5131285E7
LEFT_ARM,1625020818443240000,1.5150629E7
LEFT_ARM,1625020818476572968,1.5167643E7
LEFT_ARM,1625020818509905937,1.5181057E7
LEFT_ARM,1625020818543238906,1.5200861E7
LEFT_ARM,1625020818576571875,1.5220729E7
LEFT_ARM,1625020818609904843,1.5233187E7
LEFT_ARM,1625020818643237812,1.5249631E7
LEFT_ARM,1625020818676570781,1.5267189E7
LEFT_ARM,1625020818709903750,1.5285569E7
LEFT_ARM,1625020818743236718,1.5304015E7
LEFT_ARM,1625020818776569687,1.5322904E7
LEFT_ARM,1625020818809902656,1.5341815E7
LEFT_ARM,1625020818843235625,1.5364547E7
LEFT_ARM,1625020818876568593,1.5373729E7
LEFT_ARM,1625020818909901562,1.5346875E7
LEFT_ARM,1625020818943234531,1.5298673E7
LEFT_ARM,1625020818976567500,1.5250853E7
LEFT_ARM,1625020819009900468,1.5213691E7
LEFT_ARM,1625020819043233437,1.5179476E7
LEFT_ARM,1625020819076566406,1.5153421E7
LEFT_ARM,1625020819109899375,1.5130723E7
LEFT_ARM,1625020819143232343,1.5116635E7
LEFT_ARM,1625020819176565312,1.5119908E7
LEFT_ARM,1625020819209898281,1.5123687E7
LEFT_ARM,1625020819243231250,1.5126587E7
LEFT_ARM,1625020819276564218,1.5132176E7
LEFT_ARM,1625020819309897187,1.5140535E7
LEFT_ARM,1625020819343230156,1.5149679E7
LEFT_ARM,1625020819376563125,1.5163452E7
LEFT_ARM,1625020819409896093,1.5174611E7
LEFT_ARM,1625020819443229062,1.5189179E7
LEFT_ARM,1625020819476562031,1.5205739E7
LEFT_ARM,1625020819509895000,1.5228417E7
LEFT_ARM,1625020819543227968,1.5243473E7
LEFT_ARM,1625020819576560937,1.5256653E7
LEFT_ARM,1625020819609893906,1.5273133E7
LEFT_ARM,1625020819643226875,1.5290928E7
LEFT_ARM,1625020819676559843,1.5308661E7
LEFT_ARM,1625020819709892812,1.5325781E7
LEFT_ARM,1625020819743225781,1.5342327E7
LEFT_ARM,1625020819776558750,1.5358457E7
LEFT_ARM,1625020819809891718,1.5375501E7
LEFT_ARM,1625020819843224687,1.5394019E7
LEFT_ARM,1625020819876557656,1.5408804E7
LEFT_ARM,1625020819909890625,1.5425729E7
LEFT_ARM,1625020819943223593,1.5446533E7
LEFT_ARM,1625020819976556562,1.546576E7
LEFT_ARM,1625020820009889531,1.5481371E7
LEFT_ARM,1625020820043222500,1.5481067E7
LEFT_ARM,1625020820076555468,1.5450048E7
LEFT_ARM,1625020820109888437,1.5410059E7
LEFT_ARM,1625020820143221406,1.5368891E7
LEFT_ARM,1625020820176554375,1.5333088E7
LEFT_ARM,1625020820209887343,1.5303816E7
LEFT_ARM,1625020820243220312,1.5282643E7
LEFT_ARM,1625020820276553281,1.527368E7
LEFT_ARM,1625020820309886250,1.5269637E7
LEFT_ARM,1625020820343219218,1.5276216E7
LEFT_ARM,1625020820376552187,1.527928E7
LEFT_ARM,1625020820409885156,1.5283949E7
LEFT_ARM,1625020820443218125,1.5279152E7
LEFT_ARM,1625020820476551093,1.5280295E7
LEFT_ARM,1625020820509884062,1.5286699E7
LEFT_ARM,1625020820543217031,1.5294645E7
LEFT_ARM,1625020820576550000,1.5302203E7
LEFT_ARM,1625020820609882968,1.5315329E7
LEFT_ARM,1625020820643215937,1.5324935E7
LEFT_ARM,1625020820676548906,1.5339328E7
LEFT_ARM,1625020820709881875,1.5352768E7
LEFT_ARM,1625020820743214843,1.5365473E7
LEFT_ARM,1625020820776547812,1.5386428E7
LEFT_ARM,1625020820809880781,1.5399557E7
LEFT_ARM,1625020820843213750,1.541298E7
LEFT_ARM,1625020820876546718,1.5424147E7
LEFT_ARM,1625020820909879687,1.5439827E7
LEFT_ARM,1625020820943212656,1.5461173E7
LEFT_ARM,1625020820976545625,1.5479331E7
LEFT_ARM,1625020821009878593,1.5491891E7
LEFT_ARM,1625020821043211562,1.550806E7
LEFT_ARM,1625020821076544531,1.5530469E7
LEFT_ARM,1625020821109877500,1.5551173E7
LEFT_ARM,1625020821143210468,1.5569847E7
LEFT_ARM,1625020821176543437,1.5570251E7
LEFT_ARM,1625020821209876406,1.5539236E7
LEFT_ARM,1625020821243209375,1.5491199E7
LEFT_ARM,1625020821276542343,1.5442349E7
LEFT_ARM,1625020821309875312,1.5406076E7
LEFT_ARM,1625020821343208281,1.5371132E7
LEFT_ARM,1625020821376541250,1.5342289E7
LEFT_ARM,1625020821409874218,1.5319012E7
LEFT_ARM,1625020821443207187,1.5303368E7
LEFT_ARM,1625020821476540156,1.5297067E7
LEFT_ARM,1625020821509873125,1.5301267E7
LEFT_ARM,1625020821543206093,1.53041E7
LEFT_ARM,1625020821576539062,1.5306129E7
LEFT_ARM,1625020821609872031,1.5309999E7
LEFT_ARM,1625020821643205000,1.5317595E7
LEFT_ARM,1625020821676537968,1.5317699E7
LEFT_ARM,1625020821709870937,1.5326005E7
LEFT_ARM,1625020821743203906,1.5333585E7
LEFT_ARM,1625020821776536875,1.5340565E7
LEFT_ARM,1625020821809869843,1.5349021E7
LEFT_ARM,1625020821843202812,1.5359839E7
LEFT_ARM,1625020821876535781,1.5365825E7
LEFT_ARM,1625020821909868750,1.5377367E7
LEFT_ARM,1625020821943201718,1.5386579E7
LEFT_ARM,1625020821976534687,1.5399253E7
LEFT_ARM,1625020822009867656,1.5414973E7
LEFT_ARM,1625020822043200625,1.5428549E7
LEFT_ARM,1625020822076533593,1.5445963E7
LEFT_ARM,1625020822109866562,1.5461996E7
LEFT_ARM,1625020822143199531,1.5481893E7
LEFT_ARM,1625020822176532500,1.5494508E7
LEFT_ARM,1625020822209865468,1.5509435E7
LEFT_ARM,1625020822243198437,1.5528457E7
LEFT_ARM,1625020822276531406,1.5542965E7
LEFT_ARM,1625020822309864375,1.5557233E7
LEFT_ARM,1625020822343197343,1.554398E7
LEFT_ARM,1625020822376530312,1.5499892E7
LEFT_ARM,1625020822409863281,1.5453176E7
LEFT_ARM,1625020822443196250,1.5410392E7
LEFT_ARM,1625020822476529218,1.5373223E7
LEFT_ARM,1625020822509862187,1.5345123E7
LEFT_ARM,1625020822543195156,1.5317703E7
LEFT_ARM,1625020822576528125,1.5298661E7
LEFT_ARM,1625020822609861093,1.5296384E7
LEFT_ARM,1625020822643194062,1.5298648E7
LEFT_ARM,1625020822676527031,1.530248E7
LEFT_ARM,1625020822709860000,1.5300611E7
LEFT_ARM,1625020822743192968,1.5305616E7
LEFT_ARM,1625020822776525937,1.5314669E7
LEFT_ARM,1625020822809858906,1.5320556E7
LEFT_ARM,1625020822843191875,1.5326877E7
LEFT_ARM,1625020822876524843,1.5338345E7
LEFT_ARM,1625020822909857812,1.5351811E7
LEFT_ARM,1625020822943190781,1.5364947E7
LEFT_ARM,1625020822976523750,1.5377753E7
LEFT_ARM,1625020823009856718,1.5393915E7
LEFT_ARM,1625020823043189687,1.5410908E7
LEFT_ARM,1625020823076522656,1.5425197E7
LEFT_ARM,1625020823109855625,1.5441537E7
LEFT_ARM,1625020823143188593,1.5456365E7
LEFT_ARM,1625020823176521562,1.5469951E7
LEFT_ARM,1625020823209854531,1.5492529E7
LEFT_ARM,1625020823243187500,1.5511163E7
LEFT_ARM,1625020823276520468,1.5525029E7
LEFT_ARM,1625020823309853437,1.5541084E7
LEFT_ARM,1625020823343186406,1.5557524E7
LEFT_ARM,1625020823376519375,1.5576005E7
LEFT_ARM,1625020823409852343,1.5594373E7
LEFT_ARM,1625020823443185312,1.5604476E7
LEFT_ARM,1625020823476518281,1.5618451E7
LEFT_ARM,1625020823509851250,1.5598384E7
LEFT_ARM,1625020823543184218,1.5548632E7
LEFT_ARM,1625020823576517187,1.5492624E7
LEFT_ARM,1625020823609850156,1.5451268E7
LEFT_ARM,1625020823643183125,1.5415837E7
LEFT_ARM,1625020823676516093,1.5382925E7
LEFT_ARM,1625020823709849062,1.5354696E7
LEFT_ARM,1625020823743182031,1.5336729E7
LEFT_ARM,1625020823776515000,1.5337453E7
LEFT_ARM,1625020823809847968,1.53452E7
LEFT_ARM,1625020823843180937,1.535002E7
LEFT_ARM,1625020823876513906,1.5344769E7
LEFT_ARM,1625020823909846875,1.5345257E7
LEFT_ARM,1625020823943179843,1.5354792E7
LEFT_ARM,1625020823976512812,1.5363055E7
LEFT_ARM,1625020824009845781,1.5369675E7
LEFT_ARM,1625020824043178750,1.5378233E7
LEFT_ARM,1625020824076511718,1.5388688E7
LEFT_ARM,1625020824109844687,1.5407725E7
LEFT_ARM,1625020824143177656,1.5421713E7
LEFT_ARM,1625020824176510625,1.543338E7
LEFT_ARM,1625020824209843593,1.5437985E7
LEFT_ARM,1625020824243176562,1.5451075E7
LEFT_ARM,1625020824276509531,1.5468675E7
LEFT_ARM,1625020824309842500,1.5486073E7
LEFT_ARM,1625020824343175468,1.5508615E7
LEFT_ARM,1625020824376508437,1.5528381E7
LEFT_ARM,1625020824409841406,1.5546056E7
LEFT_ARM,1625020824443174375,1.556028E7
LEFT_ARM,1625020824476507343,1.5574656E7
LEFT_ARM,1625020824509840312,1.558696E7
LEFT_ARM,1625020824543173281,1.5603397E7
LEFT_ARM,1625020824576506250,1.5621629E7
LEFT_ARM,1625020824609839218,1.5632121E7
LEFT_ARM,1625020824643172187,1.5621532E7
LEFT_ARM,1625020824676505156,1.5581092E7
LEFT_ARM,1625020824709838125,1.5536061E7
LEFT_ARM,1625020824743171093,1.5488221E7
LEFT_ARM,1625020824776504062,1.5447384E7
LEFT_ARM,1625020824809837031,1.5411813E7
LEFT_ARM,1625020824843170000,1.5383275E7
LEFT_ARM,1625020824876502968,1.5355793E7
LEFT_ARM,1625020824909835937,1.5339139E7
LEFT_ARM,1625020824943168906,1.5340569E7
LEFT_ARM,1625020824976501875,1.5339928E7
LEFT_ARM,1625020825009834843,1.5340149E7
LEFT_ARM,1625020825043167812,1.5336387E7
LEFT_ARM,1625020825076500781,1.5338227E7
LEFT_ARM,1625020825109833750,1.5348785E7
LEFT_ARM,1625020825143166718,1.5358929E7
LEFT_ARM,1625020825176499687,1.5363957E7
LEFT_ARM,1625020825209832656,1.5372171E7
LEFT_ARM,1625020825243165625,1.5386757E7
LEFT_ARM,1625020825276498593,1.53978E7
LEFT_ARM,1625020825309831562,1.540912E7
LEFT_ARM,1625020825343164531,1.5417491E7
LEFT_ARM,1625020825376497500,1.543428E7
LEFT_ARM,1625020825409830468,1.5444464E7
LEFT_ARM,1625020825443163437,1.5456595E7
LEFT_ARM,1625020825476496406,1.5472265E7
LEFT_ARM,1625020825509829375,1.5484369E7
LEFT_ARM,1625020825543162343,1.5499877E7
LEFT_ARM,1625020825576495312,1.5523464E7
LEFT_ARM,1625020825609828281,1.5535732E7
LEFT_ARM,1625020825643161250,1.5547325E7
LEFT_ARM,1625020825676494218,1.5564223E7
LEFT_ARM,1625020825709827187,1.5576584E7
LEFT_ARM,1625020825743160156,1.559886E7
LEFT_ARM,1625020825776493125,1.5609451E7
LEFT_ARM,1625020825809826093,1.5606811E7
LEFT_ARM,1625020825843159062,1.5572012E7
LEFT_ARM,1625020825876492031,1.5520184E7
LEFT_ARM,1625020825909825000,1.5470196E7
LEFT_ARM,1625020825943157968,1.5434247E7
LEFT_ARM,1625020825976490937,1.5402791E7
LEFT_ARM,1625020826009823906,1.5370345E7
LEFT_ARM,1625020826043156875,1.5341619E7
LEFT_ARM,1625020826076489843,1.5324943E7
LEFT_ARM,1625020826109822812,1.5326591E7
LEFT_ARM,1625020826143155781,1.5326487E7
LEFT_ARM,1625020826176488750,1.5324861E7
LEFT_ARM,1625020826209821718,1.5328096E7
LEFT_ARM,1625020826243154687,1.5329141E7
LEFT_ARM,1625020826276487656,1.5331969E7
LEFT_ARM,1625020826309820625,1.5341429E7
LEFT_ARM,1625020826343153593,1.5348544E7
LEFT_ARM,1625020826376486562,1.5357952E7
LEFT_ARM,1625020826409819531,1.5369928E7
LEFT_ARM,1625020826443152500,1.5379932E7
LEFT_ARM,1625020826476485468,1.5390297E7
LEFT_ARM,1625020826509818437,1.5399576E7
LEFT_ARM,1625020826543151406,1.5410589E7
LEFT_ARM,1625020826576484375,1.5426599E7
LEFT_ARM,1625020826609817343,1.5442668E7
LEFT_ARM,1625020826643150312,1.5456395E7
LEFT_ARM,1625020826676483281,1.5470745E7
LEFT_ARM,1625020826709816250,1.5492717E7
LEFT_ARM,1625020826743149218,1.5501705E7
LEFT_ARM,1625020826776482187,1.5520721E7
LEFT_ARM,1625020826809815156,1.5533815E7
LEFT_ARM,1625020826843148125,1.5550161E7
LEFT_ARM,1625020826876481093,1.5562792E7
LEFT_ARM,1625020826909814062,1.5569819E7
LEFT_ARM,1625020826943147031,1.5555825E7
LEFT_ARM,1625020826976480000,1.5509419E7
LEFT_ARM,1625020827009812968,1.5449072E7
LEFT_ARM,1625020827043145937,1.5400171E7
LEFT_ARM,1625020827076478906,1.5361932E7
LEFT_ARM,1625020827109811875,1.5324616E7
LEFT_ARM,1625020827143144843,1.5293981E7
LEFT_ARM,1625020827176477812,1.5264788E7
LEFT_ARM,1625020827209810781,1.5257248E7
LEFT_ARM,1625020827243143750,1.5263572E7
LEFT_ARM,1625020827276476718,1.5260291E7
LEFT_ARM,1625020827309809687,1.5252627E7
LEFT_ARM,1625020827343142656,1.5253031E7
LEFT_ARM,1625020827376475625,1.5251768E7
LEFT_ARM,1625020827409808593,1.5254916E7
LEFT_ARM,1625020827443141562,1.5262753E7
LEFT_ARM,1625020827476474531,1.5270517E7
LEFT_ARM,1625020827509807500,1.5278605E7
LEFT_ARM,1625020827543140468,1.5288245E7
LEFT_ARM,1625020827576473437,1.5297768E7
LEFT_ARM,1625020827609806406,1.5313428E7
LEFT_ARM,1625020827643139375,1.5324763E7
LEFT_ARM,1625020827676472343,1.5334352E7
LEFT_ARM,1625020827709805312,1.5344817E7
LEFT_ARM,1625020827743138281,1.5359043E7
LEFT_ARM,1625020827776471250,1.5372307E7
LEFT_ARM,1625020827809804218,1.5384561E7
LEFT_ARM,1625020827843137187,1.5399448E7
LEFT_ARM,1625020827876470156,1.5412893E7
LEFT_ARM,1625020827909803125,1.5434181E7
LEFT_ARM,1625020827943136093,1.5451471E7
LEFT_ARM,1625020827976469062,1.5467933E7
LEFT_ARM,1625020828009802031,1.5470851E7
LEFT_ARM,1625020828043135000,1.5443723E7
LEFT_ARM,1625020828076467968,1.5391632E7
LEFT_ARM,1625020828109800937,1.5336975E7
LEFT_ARM,1625020828143133906,1.5289032E7
LEFT_ARM,1625020828176466875,1.5242571E7
LEFT_ARM,1625020828209799843,1.5205143E7
LEFT_ARM,1625020828243132812,1.5173453E7
LEFT_ARM,1625020828276465781,1.5155356E7
LEFT_ARM,1625020828309798750,1.5150951E7
LEFT_ARM,1625020828343131718,1.5148711E7
LEFT_ARM,1625020828376464687,1.5135373E7
LEFT_ARM,1625020828409797656,1.5111765E7
LEFT_ARM,1625020828443130625,1.5091388E7
LEFT_ARM,1625020828476463593,1.5077E7
LEFT_ARM,1625020828509796562,1.5069059E7
LEFT_ARM,1625020828543129531,1.507152E7
LEFT_ARM,1625020828576462500,1.5079133E7
LEFT_ARM,1625020828609795468,1.5098027E7
LEFT_ARM,1625020828643128437,1.5123513E7
LEFT_ARM,1625020828676461406,1.5161791E7
LEFT_ARM,1625020828709794375,1.5180837E7
LEFT_ARM,1625020828743127343,1.5198625E7
LEFT_ARM,1625020828776460312,1.5203361E7
LEFT_ARM,1625020828809793281,1.5203319E7
LEFT_ARM,1625020828843126250,1.5205085E7
LEFT_ARM,1625020828876459218,1.5200973E7
LEFT_ARM,1625020828909792187,1.520456E7
LEFT_ARM,1625020828943125156,1.5201739E7
LEFT_ARM,1625020828976458125,1.5200501E7
LEFT_ARM,1625020829009791093,1.5202759E7
LEFT_ARM,1625020829043124062,1.5221763E7
LEFT_ARM,1625020829076457031,1.5235416E7
LEFT_ARM,1625020829109790000,1.5257317E7
LEFT_ARM,1625020829143122968,1.5263268E7
LEFT_ARM,1625020829176455937,1.5226328E7
LEFT_ARM,1625020829209788906,1.5180967E7
LEFT_ARM,1625020829243121875,1.5145351E7
LEFT_ARM,1625020829276454843,1.5120133E7
LEFT_ARM,1625020829309787812,1.5094184E7
LEFT_ARM,1625020829343120781,1.5069797E7
LEFT_ARM,1625020829376453750,1.5051835E7
LEFT_ARM,1625020829409786718,1.5046617E7
LEFT_ARM,1625020829443119687,1.5050035E7
LEFT_ARM,1625020829476452656,1.5057359E7
LEFT_ARM,1625020829509785625,1.5069071E7
LEFT_ARM,1625020829543118593,1.508436E7
LEFT_ARM,1625020829576451562,1.5103833E7
LEFT_ARM,1625020829609784531,1.5118709E7
LEFT_ARM,1625020829643117500,1.5139651E7
LEFT_ARM,1625020829676450468,1.5162313E7
LEFT_ARM,1625020829709783437,1.5184372E7
LEFT_ARM,1625020829743116406,1.5201176E7
LEFT_ARM,1625020829776449375,1.5226871E7
LEFT_ARM,1625020829809782343,1.5247808E7
LEFT_ARM,1625020829843115312,1.5263312E7
LEFT_ARM,1625020829876448281,1.5281824E7
LEFT_ARM,1625020829909781250,1.5303795E7
LEFT_ARM,1625020829943114218,1.5324465E7
LEFT_ARM,1625020829976447187,1.5347937E7
LEFT_ARM,1625020830009780156,1.5369189E7
LEFT_ARM,1625020830043113125,1.5386991E7
LEFT_ARM,1625020830076446093,1.5408291E7
LEFT_ARM,1625020830109779062,1.5425531E7
LEFT_ARM,1625020830143112031,1.5448832E7
LEFT_ARM,1625020830176445000,1.5463589E7
LEFT_ARM,1625020830209777968,1.5483585E7
LEFT_ARM,1625020830243110937,1.5504437E7
LEFT_ARM,1625020830276443906,1.5519856E7
LEFT_ARM,1625020830309776875,1.5508861E7
LEFT_ARM,1625020830343109843,1.5468735E7
LEFT_ARM,1625020830376442812,1.5419789E7
LEFT_ARM,1625020830409775781,1.5377941E7
LEFT_ARM,1625020830443108750,1.5345713E7
LEFT_ARM,1625020830476441718,1.5321059E7
LEFT_ARM,1625020830509774687,1.5291688E7
LEFT_ARM,1625020830543107656,1.5274736E7
LEFT_ARM,1625020830576440625,1.5272759E7
LEFT_ARM,1625020830609773593,1.5279948E7
LEFT_ARM,1625020830643106562,1.5285883E7
LEFT_ARM,1625020830676439531,1.5292223E7
LEFT_ARM,1625020830709772500,1.5300417E7
LEFT_ARM,1625020830743105468,1.5306469E7
LEFT_ARM,1625020830776438437,1.5315944E7
LEFT_ARM,1625020830809771406,1.5330261E7
LEFT_ARM,1625020830843104375,1.5344763E7
LEFT_ARM,1625020830876437343,1.5358844E7
LEFT_ARM,1625020830909770312,1.5381021E7
LEFT_ARM,1625020830943103281,1.5394503E7
LEFT_ARM,1625020830976436250,1.54059E7
LEFT_ARM,1625020831009769218,1.5425373E7
LEFT_ARM,1625020831043102187,1.5438575E7
LEFT_ARM,1625020831076435156,1.5456583E7
LEFT_ARM,1625020831109768125,1.547084E7
LEFT_ARM,1625020831143101093,1.5489008E7
LEFT_ARM,1625020831176434062,1.5510693E7
LEFT_ARM,1625020831209767031,1.5526385E7
LEFT_ARM,1625020831243100000,1.5544032E7
LEFT_ARM,1625020831276432968,1.5555125E7
LEFT_ARM,1625020831309765937,1.5577256E7
LEFT_ARM,1625020831343098906,1.5594568E7
LEFT_ARM,1625020831376431875,1.5613251E7
LEFT_ARM,1625020831409764843,1.5617335E7
LEFT_ARM,1625020831443097812,1.5597797E7
LEFT_ARM,1625020831476430781,1.5556885E7
LEFT_ARM,1625020831509763750,1.551354E7
LEFT_ARM,1625020831543096718,1.5477087E7
LEFT_ARM,1625020831576429687,1.5444229E7
LEFT_ARM,1625020831609762656,1.5421117E7
LEFT_ARM,1625020831643095625,1.5400733E7
LEFT_ARM,1625020831676428593,1.5387064E7
LEFT_ARM,1625020831709761562,1.5389704E7
LEFT_ARM,1625020831743094531,1.540068E7
LEFT_ARM,1625020831776427500,1.5403808E7
LEFT_ARM,1625020831809760468,1.5408888E7
LEFT_ARM,1625020831843093437,1.5413827E7
LEFT_ARM,1625020831876426406,1.5423235E7
LEFT_ARM,1625020831909759375,1.543372E7
LEFT_ARM,1625020831943092343,1.5442597E7
LEFT_ARM,1625020831976425312,1.5456755E7
LEFT_ARM,1625020832009758281,1.5475168E7
LEFT_ARM,1625020832043091250,1.5492087E7
LEFT_ARM,1625020832076424218,1.5504264E7
LEFT_ARM,1625020832109757187,1.5516941E7
LEFT_ARM,1625020832143090156,1.5534973E7
LEFT_ARM,1625020832176423125,1.5551147E7
LEFT_ARM,1625020832209756093,1.5573824E7
LEFT_ARM,1625020832243089062,1.5585629E7
LEFT_ARM,1625020832276422031,1.5598072E7
LEFT_ARM,1625020832309755000,1.5614979E7
LEFT_ARM,1625020832343087968,1.5637441E7
LEFT_ARM,1625020832376420937,1.5651011E7
LEFT_ARM,1625020832409753906,1.5670935E7
LEFT_ARM,1625020832443086875,1.5689084E7
LEFT_ARM,1625020832476419843,1.5703349E7
LEFT_ARM,1625020832509752812,1.5722344E7
LEFT_ARM,1625020832543085781,1.5730488E7
LEFT_ARM,1625020832576418750,1.5700279E7
LEFT_ARM,1625020832609751718,1.5652401E7
LEFT_ARM,1625020832643084687,1.5608883E7
LEFT_ARM,1625020832676417656,1.5570728E7
LEFT_ARM,1625020832709750625,1.55359E7
LEFT_ARM,1625020832743083593,1.5502016E7
LEFT_ARM,1625020832776416562,1.5480619E7
LEFT_ARM,1625020832809749531,1.546444E7
LEFT_ARM,1625020832843082500,1.5459077E7
LEFT_ARM,1625020832876415468,1.5461544E7
LEFT_ARM,1625020832909748437,1.54648E7
LEFT_ARM,1625020832943081406,1.5464275E7
LEFT_ARM,1625020832976414375,1.54682E7
LEFT_ARM,1625020833009747343,1.5473608E7
LEFT_ARM,1625020833043080312,1.548588E7
LEFT_ARM,1625020833076413281,1.5493933E7
LEFT_ARM,1625020833109746250,1.5504781E7
LEFT_ARM,1625020833143079218,1.5518771E7
LEFT_ARM,1625020833176412187,1.553084E7
LEFT_ARM,1625020833209745156,1.5548108E7
LEFT_ARM,1625020833243078125,1.5558281E7
LEFT_ARM,1625020833276411093,1.5569027E7
LEFT_ARM,1625020833309744062,1.5583121E7
LEFT_ARM,1625020833343077031,1.5598165E7
LEFT_ARM,1625020833376410000,1.5613731E7
LEFT_ARM,1625020833409742968,1.5628077E7
LEFT_ARM,1625020833443075937,1.5642961E7
LEFT_ARM,1625020833476408906,1.5658557E7
LEFT_ARM,1625020833509741875,1.5677345E7
LEFT_ARM,1625020833543074843,1.5689544E7
LEFT_ARM,1625020833576407812,1.5705616E7
LEFT_ARM,1625020833609740781,1.5720168E7
LEFT_ARM,1625020833643073750,1.573226E7
LEFT_ARM,1625020833676406718,1.5749808E7
LEFT_ARM,1625020833709739687,1.5764744E7
LEFT_ARM,1625020833743072656,1.5753684E7
LEFT_ARM,1625020833776405625,1.5710281E7
LEFT_ARM,1625020833809738593,1.5663683E7
LEFT_ARM,1625020833843071562,1.5618509E7
LEFT_ARM,1625020833876404531,1.5582129E7
LEFT_ARM,1625020833909737500,1.5550595E7
LEFT_ARM,1625020833943070468,1.5520811E7
LEFT_ARM,1625020833976403437,1.5498481E7
LEFT_ARM,1625020834009736406,1.5489536E7
LEFT_ARM,1625020834043069375,1.5494624E7
LEFT_ARM,1625020834076402343,1.5494647E7
LEFT_ARM,1625020834109735312,1.5499337E7
LEFT_ARM,1625020834143068281,1.5500341E7
LEFT_ARM,1625020834176401250,1.5502385E7
LEFT_ARM,1625020834209734218,1.5508153E7
LEFT_ARM,1625020834243067187,1.5517856E7
LEFT_ARM,1625020834276400156,1.552674E7
LEFT_ARM,1625020834309733125,1.5539528E7
LEFT_ARM,1625020834343066093,1.5554955E7
LEFT_ARM,1625020834376399062,1.5563479E7
LEFT_ARM,1625020834409732031,1.5577728E7
LEFT_ARM,1625020834443065000,1.5591076E7
LEFT_ARM,1625020834476397968,1.5603799E7
LEFT_ARM,1625020834509730937,1.5618597E7
LEFT_ARM,1625020834543063906,1.56328E7
LEFT_ARM,1625020834576396875,1.5648072E7
LEFT_ARM,1625020834609729843,1.5663903E7
LEFT_ARM,1625020834643062812,1.5677056E7
LEFT_ARM,1625020834676395781,1.5693881E7
LEFT_ARM,1625020834709728750,1.5708101E7
LEFT_ARM,1625020834743061718,1.5720763E7
LEFT_ARM,1625020834776394687,1.5735724E7
LEFT_ARM,1625020834809727656,1.5749791E7
LEFT_ARM,1625020834843060625,1.5763435E7
LEFT_ARM,1625020834876393593,1.5777565E7
LEFT_ARM,1625020834909726562,1.5794701E7
LEFT_ARM,1625020834943059531,1.5782181E7
LEFT_ARM,1625020834976392500,1.5740417E7
LEFT_ARM,1625020835009725468,1.5690513E7
LEFT_ARM,1625020835043058437,1.5642837E7
LEFT_ARM,1625020835076391406,1.5605964E7
LEFT_ARM,1625020835109724375,1.5574147E7
LEFT_ARM,1625020835143057343,1.5546672E7
LEFT_ARM,1625020835176390312,1.5521349E7
LEFT_ARM,1625020835209723281,1.5514269E7
LEFT_ARM,1625020835243056250,1.5514101E7
LEFT_ARM,1625020835276389218,1.5516873E7
LEFT_ARM,1625020835309722187,1.5513208E7
LEFT_ARM,1625020835343055156,1.5509444E7
LEFT_ARM,1625020835376388125,1.5513477E7
LEFT_ARM,1625020835409721093,1.5522775E7
LEFT_ARM,1625020835443054062,1.5536185E7
LEFT_ARM,1625020835476387031,1.5543553E7
LEFT_ARM,1625020835509720000,1.5555947E7
LEFT_ARM,1625020835543052968,1.5565099E7
LEFT_ARM,1625020835576385937,1.5573571E7
LEFT_ARM,1625020835609718906,1.5585183E7
LEFT_ARM,1625020835643051875,1.5598169E7
LEFT_ARM,1625020835676384843,1.5611797E7
LEFT_ARM,1625020835709717812,1.5619309E7
LEFT_ARM,1625020835743050781,1.5635067E7
LEFT_ARM,1625020835776383750,1.5652696E7
LEFT_ARM,1625020835809716718,1.5666196E7
LEFT_ARM,1625020835843049687,1.5677016E7
LEFT_ARM,1625020835876382656,1.5690045E7
LEFT_ARM,1625020835909715625,1.5702964E7
LEFT_ARM,1625020835943048593,1.5717003E7
LEFT_ARM,1625020835976381562,1.5726323E7
LEFT_ARM,1625020836009714531,1.5741109E7
LEFT_ARM,1625020836043047500,1.575644E7
LEFT_ARM,1625020836076380468,1.57659E7
LEFT_ARM,1625020836109713437,1.5740281E7
LEFT_ARM,1625020836143046406,1.5688719E7
LEFT_ARM,1625020836176379375,1.5633415E7
LEFT_ARM,1625020836209712343,1.558558E7
LEFT_ARM,1625020836243045312,1.5553297E7
LEFT_ARM,1625020836276378281,1.5523719E7
LEFT_ARM,1625020836309711250,1.5488312E7
LEFT_ARM,1625020836343044218,1.5467568E7
LEFT_ARM,1625020836376377187,1.5461676E7
LEFT_ARM,1625020836409710156,1.5462765E7
LEFT_ARM,1625020836443043125,1.5457768E7
LEFT_ARM,1625020836476376093,1.5457917E7
LEFT_ARM,1625020836509709062,1.5454192E7
LEFT_ARM,1625020836543042031,1.5461517E7
LEFT_ARM,1625020836576375000,1.5470163E7
LEFT_ARM,1625020836609707968,1.547868E7
LEFT_ARM,1625020836643040937,1.5488625E7
LEFT_ARM,1625020836676373906,1.5499024E7
LEFT_ARM,1625020836709706875,1.5511303E7
LEFT_ARM,1625020836743039843,1.5525788E7
LEFT_ARM,1625020836776372812,1.5532936E7
LEFT_ARM,1625020836809705781,1.5542029E7
LEFT_ARM,1625020836843038750,1.5553349E7
LEFT_ARM,1625020836876371718,1.5568924E7
LEFT_ARM,1625020836909704687,1.5578217E7
LEFT_ARM,1625020836943037656,1.5590376E7
LEFT_ARM,1625020836976370625,1.5605341E7
LEFT_ARM,1625020837009703593,1.5614171E7
LEFT_ARM,1625020837043036562,1.5625112E7
LEFT_ARM,1625020837076369531,1.5640239E7
LEFT_ARM,1625020837109702500,1.5652468E7
LEFT_ARM,1625020837143035468,1.5668368E7
LEFT_ARM,1625020837176368437,1.5685837E7
LEFT_ARM,1625020837209701406,1.5700141E7
LEFT_ARM,1625020837243034375,1.5706088E7
LEFT_ARM,1625020837276367343,1.5682845E7
LEFT_ARM,1625020837309700312,1.5628724E7
LEFT_ARM,1625020837343033281,1.557022E7
LEFT_ARM,1625020837376366250,1.5522933E7
LEFT_ARM,1625020837409699218,1.5483177E7
LEFT_ARM,1625020837443032187,1.5443139E7
LEFT_ARM,1625020837476365156,1.5408515E7
LEFT_ARM,1625020837509698125,1.5385397E7
LEFT_ARM,1625020837543031093,1.5373803E7
LEFT_ARM,1625020837576364062,1.5372424E7
LEFT_ARM,1625020837609697031,1.5370461E7
LEFT_ARM,1625020837643030000,1.5366321E7
LEFT_ARM,1625020837676362968,1.5367553E7
LEFT_ARM,1625020837709695937,1.5377484E7
LEFT_ARM,1625020837743028906,1.5382043E7
LEFT_ARM,1625020837776361875,1.5386436E7
LEFT_ARM,1625020837809694843,1.5393461E7
LEFT_ARM,1625020837843027812,1.5407372E7
LEFT_ARM,1625020837876360781,1.5416697E7
LEFT_ARM,1625020837909693750,1.5428381E7
LEFT_ARM,1625020837943026718,1.5441848E7
LEFT_ARM,1625020837976359687,1.5451983E7
LEFT_ARM,1625020838009692656,1.5460577E7
LEFT_ARM,1625020838043025625,1.5475792E7
LEFT_ARM,1625020838076358593,1.5488515E7
LEFT_ARM,1625020838109691562,1.5500835E7
LEFT_ARM,1625020838143024531,1.5513819E7
LEFT_ARM,1625020838176357500,1.5526971E7
LEFT_ARM,1625020838209690468,1.5541311E7
LEFT_ARM,1625020838243023437,1.5553739E7
LEFT_ARM,1625020838276356406,1.5571443E7
LEFT_ARM,1625020838309689375,1.5587767E7
LEFT_ARM,1625020838343022343,1.5597852E7
LEFT_ARM,1625020838376355312,1.5614035E7
LEFT_ARM,1625020838409688281,1.5624333E7
LEFT_ARM,1625020838443021250,1.5620517E7
LEFT_ARM,1625020838476354218,1.5585319E7
LEFT_ARM,1625020838509687187,1.5532828E7
LEFT_ARM,1625020838543020156,1.5482813E7
LEFT_ARM,1625020838576353125,1.5437223E7
LEFT_ARM,1625020838609686093,1.5404851E7
LEFT_ARM,1625020838643019062,1.5370431E7
LEFT_ARM,1625020838676352031,1.5340537E7
LEFT_ARM,1625020838709685000,1.5323116E7
LEFT_ARM,1625020838743017968,1.5319133E7
LEFT_ARM,1625020838776350937,1.5319271E7
LEFT_ARM,1625020838809683906,1.5316961E7
LEFT_ARM,1625020838843016875,1.5320163E7
LEFT_ARM,1625020838876349843,1.5324296E7
LEFT_ARM,1625020838909682812,1.5331272E7
LEFT_ARM,1625020838943015781,1.5340705E7
LEFT_ARM,1625020838976348750,1.5350448E7
RIGHT_ARM,1625020809903000000,1.1770352E7
RIGHT_ARM,1625020809936332968,1.1787771E7
RIGHT_ARM,1625020809969665937,1.1803367E7
RIGHT_ARM,1625020810002998906,1.1819008E7
RIGHT_ARM,1625020810036331875,1.1833709E7
RIGHT_ARM,1625020810069664843,1.1849053E7
RIGHT_ARM,1625020810102997812,1.1862176E7
RIGHT_ARM,1625020810136330781,1.1879623E7
RIGHT_ARM,1625020810169663750,1.1897068E7
RIGHT_ARM,1625020810202996718,1.1918869E7
RIGHT_ARM,1625020810236329687,1.1938137E7
RIGHT_ARM,1625020810269662656,1.1954169E7
RIGHT_ARM,1625020810302995625,1.197154E7
RIGHT_ARM,1625020810336328593,1.1994212E7
RIGHT_ARM,1625020810369661562,1.2016516E7
RIGHT_ARM,1625020810402994531,1.2038001E7
RIGHT_ARM,1625020810436327500,1.2057701E7
RIGHT_ARM,1625020810469660468,1.2073224E7
RIGHT_ARM,1625020810502993437,1.2051287E7
RIGHT_ARM,1625020810536326406,1.2008619E7
RIGHT_ARM,1625020810569659375,1.1971999E7
RIGHT_ARM,1625020810602992343,1.1941925E7
RIGHT_ARM,1625020810636325312,1.1920321E7
RIGHT_ARM,1625020810669658281,1.1897528E7
RIGHT_ARM,1625020810702991250,1.1879579E7
RIGHT_ARM,1625020810736324218,1.1870648E7
RIGHT_ARM,1625020810769657187,1.187356E7
RIGHT_ARM,1625020810802990156,1.1874781E7
RIGHT_ARM,1625020810836323125,1.1873279E7
RIGHT_ARM,1625020810869656093,1.1878285E7
RIGHT_ARM,1625020810902989062,1.1879423E7
RIGHT_ARM,1625020810936322031,1.1886069E7
RIGHT_ARM,1625020810969655000,1.1893088E7
RIGHT_ARM,1625020811002987968,1.1902347E7
RIGHT_ARM,1625020811036320937,1.1912712E7
RIGHT_ARM,1625020811069653906,1.1921959E7
RIGHT_ARM,1625020811102986875,1.1932825E7
RIGHT_ARM,1625020811136319843,1.1941795E7
RIGHT_ARM,1625020811169652812,1.1952313E7
RIGHT_ARM,1625020811202985781,1.1961157E7
RIGHT_ARM,1625020811236318750,1.1968619E7
RIGHT_ARM,1625020811269651718,1.1978993E7
RIGHT_ARM,1625020811302984687,1.1988313E7
RIGHT_ARM,1625020811336317656,1.1997531E7
RIGHT_ARM,1625020811369650625,1.200388E7
RIGHT_ARM,1625020811402983593,1.2015829E7
RIGHT_ARM,1625020811436316562,1.2023628E7
RIGHT_ARM,1625020811469649531,1.2032357E7
RIGHT_ARM,1625020811502982500,1.2041444E7
RIGHT_ARM,1625020811536315468,1.2050204E7
RIGHT_ARM,1625020811569648437,1.2059136E7
RIGHT_ARM,1625020811602981406,1.2067047E7
RIGHT_ARM,1625020811636314375,1.2062068E7
RIGHT_ARM,1625020811669647343,1.2019925E7
RIGHT_ARM,1625020811702980312,1.1972443E7
RIGHT_ARM,1625020811736313281,1.1937451E7
RIGHT_ARM,1625020811769646250,1.1910363E7
RIGHT_ARM,1625020811802979218,1.1891653E7
RIGHT_ARM,1625020811836312187,1.1873451E7
RIGHT_ARM,1625020811869645156,1.1861555E7
RIGHT_ARM,1625020811902978125,1.1859511E7
RIGHT_ARM,1625020811936311093,1.1860192E7
RIGHT_ARM,1625020811969644062,1.1859928E7
RIGHT_ARM,1625020812002977031,1.1856968E7
RIGHT_ARM,1625020812036310000,1.1855488E7
RIGHT_ARM,1625020812069642968,1.1854444E7
RIGHT_ARM,1625020812102975937,1.1857971E7
RIGHT_ARM,1625020812136308906,1.1864961E7
RIGHT_ARM,1625020812169641875,1.1869629E7
RIGHT_ARM,1625020812202974843,1.1877129E7
RIGHT_ARM,1625020812236307812,1.1884397E7
RIGHT_ARM,1625020812269640781,1.189026E7
RIGHT_ARM,1625020812302973750,1.189828E7
RIGHT_ARM,1625020812336306718,1.1904327E7
RIGHT_ARM,1625020812369639687,1.1912367E7
RIGHT_ARM,1625020812402972656,1.1919957E7
RIGHT_ARM,1625020812436305625,1.1926717E7
RIGHT_ARM,1625020812469638593,1.1934568E7
RIGHT_ARM,1625020812502971562,1.1943341E7
RIGHT_ARM,1625020812536304531,1.1949651E7
RIGHT_ARM,1625020812569637500,1.1957247E7
RIGHT_ARM,1625020812602970468,1.1965288E7
RIGHT_ARM,1625020812636303437,1.1970999E7
RIGHT_ARM,1625020812669636406,1.1977145E7
RIGHT_ARM,1625020812702969375,1.1985539E7
RIGHT_ARM,1625020812736302343,1.197996E7
RIGHT_ARM,1625020812769635312,1.1938925E7
RIGHT_ARM,1625020812802968281,1.1892004E7
RIGHT_ARM,1625020812836301250,1.185268E7
RIGHT_ARM,1625020812869634218,1.1823125E7
RIGHT_ARM,1625020812902967187,1.1798299E7
RIGHT_ARM,1625020812936300156,1.1772881E7
RIGHT_ARM,1625020812969633125,1.1751685E7
RIGHT_ARM,1625020813002966093,1.1742905E7
RIGHT_ARM,1625020813036299062,1.1740192E7
RIGHT_ARM,1625020813069632031,1.173708E7
RIGHT_ARM,1625020813102965000,1.1733807E7
RIGHT_ARM,1625020813136297968,1.1729589E7
RIGHT_ARM,1625020813169630937,1.1727152E7
RIGHT_ARM,1625020813202963906,1.1732267E7
RIGHT_ARM,1625020813236296875,1.1734279E7
RIGHT_ARM,1625020813269629843,1.1740041E7
RIGHT_ARM,1625020813302962812,1.1742205E7
RIGHT_ARM,1625020813336295781,1.175158E7
RIGHT_ARM,1625020813369628750,1.1756935E7
RIGHT_ARM,1625020813402961718,1.1760688E7
RIGHT_ARM,1625020813436294687,1.1765679E7
RIGHT_ARM,1625020813469627656,1.1771576E7
RIGHT_ARM,1625020813502960625,1.1777369E7
RIGHT_ARM,1625020813536293593,1.1785639E7
RIGHT_ARM,1625020813569626562,1.1791723E7
RIGHT_ARM,1625020813602959531,1.1798675E7
RIGHT_ARM,1625020813636292500,1.1806411E7
RIGHT_ARM,1625020813669625468,1.1810883E7
RIGHT_ARM,1625020813702958437,1.1819288E7
RIGHT_ARM,1625020813736291406,1.1826813E7
RIGHT_ARM,1625020813769624375,1.1834765E7
RIGHT_ARM,1625020813802957343,1.1841819E7
RIGHT_ARM,1625020813836290312,1.1850675E7
RIGHT_ARM,1625020813869623281,1.1845936E7
RIGHT_ARM,1625020813902956250,1.1808811E7
RIGHT_ARM,1625020813936289218,1.1761417E7
RIGHT_ARM,1625020813969622187,1.172236E7
RIGHT_ARM,1625020814002955156,1.1691709E7
RIGHT_ARM,1625020814036288125,1.1664448E7
RIGHT_ARM,1625020814069621093,1.1638019E7
RIGHT_ARM,1625020814102954062,1.1616573E7
RIGHT_ARM,1625020814136287031,1.1608E7
RIGHT_ARM,1625020814169620000,1.1607556E7
RIGHT_ARM,1625020814202952968,1.1601027E7
RIGHT_ARM,1625020814236285937,1.1596701E7
RIGHT_ARM,1625020814269618906,1.1591335E7
RIGHT_ARM,1625020814302951875,1.1588408E7
RIGHT_ARM,1625020814336284843,1.1586291E7
RIGHT_ARM,1625020814369617812,1.1589181E7
RIGHT_ARM,1625020814402950781,1.1594892E7
RIGHT_ARM,1625020814436283750,1.1598408E7
RIGHT_ARM,1625020814469616718,1.1600344E7
RIGHT_ARM,1625020814502949687,1.1606235E7
RIGHT_ARM,1625020814536282656,1.1610508E7
RIGHT_ARM,1625020814569615625,1.1614905E7
RIGHT_ARM,1625020814602948593,1.162068E7
RIGHT_ARM,1625020814636281562,1.1623565E7
RIGHT_ARM,1625020814669614531,1.1628391E7
RIGHT_ARM,1625020814702947500,1.1634176E7
RIGHT_ARM,1625020814736280468,1.1639692E7
RIGHT_ARM,1625020814769613437,1.1647391E7
RIGHT_ARM,1625020814802946406,1.1652032E7
RIGHT_ARM,1625020814836279375,1.1656196E7
RIGHT_ARM,1625020814869612343,1.1662848E7
RIGHT_ARM,1625020814902945312,1.1666572E7
RIGHT_ARM,1625020814936278281,1.1674076E7
RIGHT_ARM,1625020814969611250,1.1678684E7
RIGHT_ARM,1625020815002944218,1.1682968E7
RIGHT_ARM,1625020815036277187,1.1679803E7
RIGHT_ARM,1625020815069610156,1.164644E7
RIGHT_ARM,1625020815102943125,1.1596163E7
RIGHT_ARM,1625020815136276093,1.1560691E7
RIGHT_ARM,1625020815169609062,1.1529353E7
RIGHT_ARM,1625020815202942031,1.1503712E7
RIGHT_ARM,1625020815236275000,1.1480683E7
RIGHT_ARM,1625020815269607968,1.1462463E7
RIGHT_ARM,1625020815302940937,1.1454252E7
RIGHT_ARM,1625020815336273906,1.1449236E7
RIGHT_ARM,1625020815369606875,1.145096E7
RIGHT_ARM,1625020815402939843,1.1442507E7
RIGHT_ARM,1625020815436272812,1.1438571E7
RIGHT_ARM,1625020815469605781,1.1434756E7
RIGHT_ARM,1625020815502938750,1.1437195E7
RIGHT_ARM,1625020815536271718,1.1438835E7
RIGHT_ARM,1625020815569604687,1.1444528E7
RIGHT_ARM,1625020815602937656,1.1445819E7
RIGHT_ARM,1625020815636270625,1.1449395E7
RIGHT_ARM,1625020815669603593,1.1456301E7
RIGHT_ARM,1625020815702936562,1.1461029E7
RIGHT_ARM,1625020815736269531,1.1466387E7
RIGHT_ARM,1625020815769602500,1.1470145E7
RIGHT_ARM,1625020815802935468,1.1474149E7
RIGHT_ARM,1625020815836268437,1.1478083E7
RIGHT_ARM,1625020815869601406,1.1487183E7
RIGHT_ARM,1625020815902934375,1.1490951E7
RIGHT_ARM,1625020815936267343,1.1498877E7
RIGHT_ARM,1625020815969600312,1.1503968E7
RIGHT_ARM,1625020816002933281,1.1508549E7
RIGHT_ARM,1625020816036266250,1.1514E7
RIGHT_ARM,1625020816069599218,1.1519519E7
RIGHT_ARM,1625020816102932187,1.1525544E7
RIGHT_ARM,1625020816136265156,1.1531643E7
RIGHT_ARM,1625020816169598125,1.1524484E7
RIGHT_ARM,1625020816202931093,1.1489723E7
RIGHT_ARM,1625020816236264062,1.1445283E7
RIGHT_ARM,1625020816269597031,1.1408391E7
RIGHT_ARM,1625020816302930000,1.138344E7
RIGHT_ARM,1625020816336262968,1.1361957E7
RIGHT_ARM,1625020816369595937,1.1341071E7
RIGHT_ARM,1625020816402928906,1.13253E7
RIGHT_ARM,1625020816436261875,1.1318183E7
RIGHT_ARM,1625020816469594843,1.1316291E7
RIGHT_ARM,1625020816502927812,1.1312353E7
RIGHT_ARM,1625020816536260781,1.1310413E7
RIGHT_ARM,1625020816569593750,1.1307205E7
RIGHT_ARM,1625020816602926718,1.1304924E7
RIGHT_ARM,1625020816636259687,1.1303808E7
RIGHT_ARM,1625020816669592656,1.1305689E7
RIGHT_ARM,1625020816702925625,1.1312421E7
RIGHT_ARM,1625020816736258593,1.1317063E7
RIGHT_ARM,1625020816769591562,1.1320743E7
RIGHT_ARM,1625020816802924531,1.1326464E7
RIGHT_ARM,1625020816836257500,1.1330864E7
RIGHT_ARM,1625020816869590468,1.1334459E7
RIGHT_ARM,1625020816902923437,1.1338245E7
RIGHT_ARM,1625020816936256406,1.1341371E7
RIGHT_ARM,1625020816969589375,1.1344649E7
RIGHT_ARM,1625020817002922343,1.1350201E7
RIGHT_ARM,1625020817036255312,1.1353287E7
RIGHT_ARM,1625020817069588281,1.1356752E7
RIGHT_ARM,1625020817102921250,1.1360553E7
RIGHT_ARM,1625020817136254218,1.1362949E7
RIGHT_ARM,1625020817169587187,1.1366772E7
RIGHT_ARM,1625020817202920156,1.1373155E7
RIGHT_ARM,1625020817236253125,1.1375349E7
RIGHT_ARM,1625020817269586093,1.1378996E7
RIGHT_ARM,1625020817302919062,1.1382845E7
RIGHT_ARM,1625020817336252031,1.1365117E7
RIGHT_ARM,1625020817369585000,1.1326768E7
RIGHT_ARM,1625020817402917968,1.1289209E7
RIGHT_ARM,1625020817436250937,1.1255164E7
RIGHT_ARM,1625020817469583906,1.1231736E7
RIGHT_ARM,1625020817502916875,1.1208957E7
RIGHT_ARM,1625020817536249843,1.1189068E7
RIGHT_ARM,1625020817569582812,1.1172117E7
RIGHT_ARM,1625020817602915781,1.1165608E7
RIGHT_ARM,1625020817636248750,1.1166041E7
RIGHT_ARM,1625020817669581718,1.1161227E7
RIGHT_ARM,1625020817702914687,1.1158856E7
RIGHT_ARM,1625020817736247656,1.1155127E7
RIGHT_ARM,1625020817769580625,1.1154567E7
RIGHT_ARM,1625020817802913593,1.1151765E7
RIGHT_ARM,1625020817836246562,1.1151715E7
RIGHT_ARM,1625020817869579531,1.1154631E7
RIGHT_ARM,1625020817902912500,1.1157032E7
RIGHT_ARM,1625020817936245468,1.1160927E7
RIGHT_ARM,1625020817969578437,1.1163143E7
RIGHT_ARM,1625020818002911406,1.116662E7
RIGHT_ARM,1625020818036244375,1.1169071E7
RIGHT_ARM,1625020818069577343,1.1173047E7
RIGHT_ARM,1625020818102910312,1.1175239E7
RIGHT_ARM,1625020818136243281,1.1177385E7
RIGHT_ARM,1625020818169576250,1.1180811E7
RIGHT_ARM,1625020818202909218,1.1183511E7
RIGHT_ARM,1625020818236242187,1.1186581E7
RIGHT_ARM,1625020818269575156,1.1190157E7
RIGHT_ARM,1625020818302908125,1.119152E7
RIGHT_ARM,1625020818336241093,1.1194091E7
RIGHT_ARM,1625020818369574062,1.1195136E7
RIGHT_ARM,1625020818402907031,1.1199172E7
RIGHT_ARM,1625020818436240000,1.1203391E7
RIGHT_ARM,1625020818469572968,1.1198141E7
RIGHT_ARM,1625020818502905937,1.1168853E7
RIGHT_ARM,1625020818536238906,1.1130425E7
RIGHT_ARM,1625020818569571875,1.1097701E7
RIGHT_ARM,1625020818602904843,1.1072655E7
RIGHT_ARM,1625020818636237812,1.1052927E7
RIGHT_ARM,1625020818669570781,1.1036893E7
RIGHT_ARM,1625020818702903750,1.1019849E7
RIGHT_ARM,1625020818736236718,1.1014553E7
RIGHT_ARM,1625020818769569687,1.1010712E7
RIGHT_ARM,1625020818802902656,1.1009133E7
RIGHT_ARM,1625020818836235625,1.1008617E7
RIGHT_ARM,1625020818869568593,1.1003535E7
RIGHT_ARM,1625020818902901562,1.0999807E7
RIGHT_ARM,1625020818936234531,1.1003161E7
RIGHT_ARM,1625020818969567500,1.1004953E7
RIGHT_ARM,1625020819002900468,1.1007705E7
RIGHT_ARM,1625020819036233437,1.1009252E7
RIGHT_ARM,1625020819069566406,1.1014667E7
RIGHT_ARM,1625020819102899375,1.1017955E7
RIGHT_ARM,1625020819136232343,1.1021713E7
RIGHT_ARM,1625020819169565312,1.1022753E7
RIGHT_ARM,1625020819202898281,1.1026595E7
RIGHT_ARM,1625020819236231250,1.1029797E7
RIGHT_ARM,1625020819269564218,1.1035655E7
RIGHT_ARM,1625020819302897187,1.1038709E7
RIGHT_ARM,1625020819336230156,1.1042033E7
RIGHT_ARM,1625020819369563125,1.1048733E7
RIGHT_ARM,1625020819402896093,1.1055892E7
RIGHT_ARM,1625020819436229062,1.1057094E7
RIGHT_ARM,1625020819469562031,1.1062012E7
RIGHT_ARM,1625020819502895000,1.1064869E7
RIGHT_ARM,1625020819536227968,1.1069652E7
RIGHT_ARM,1625020819569560937,1.1077064E7
RIGHT_ARM,1625020819602893906,1.1076765E7
RIGHT_ARM,1625020819636226875,1.1056765E7
RIGHT_ARM,1625020819669559843,1.1021316E7
RIGHT_ARM,1625020819702892812,1.0987248E7
RIGHT_ARM,1625020819736225781,1.0963856E7
RIGHT_ARM,1625020819769558750,1.0947477E7
RIGHT_ARM,1625020819802891718,1.093068E7
RIGHT_ARM,1625020819836224687,1.0912859E7
RIGHT_ARM,1625020819869557656,1.0898347E7
RIGHT_ARM,1625020819902890625,1.0896699E7
RIGHT_ARM,1625020819936223593,1.0898695E7
RIGHT_ARM,1625020819969556562,1.0898389E7
RIGHT_ARM,1625020820002889531,1.0891502E7
RIGHT_ARM,1625020820036222500,1.089274E7
RIGHT_ARM,1625020820069555468,1.0894272E7
RIGHT_ARM,1625020820102888437,1.0898233E7
RIGHT_ARM,1625020820136221406,1.090142E7
RIGHT_ARM,1625020820169554375,1.0906112E7
RIGHT_ARM,1625020820202887343,1.0909576E7
RIGHT_ARM,1625020820236220312,1.0914929E7
RIGHT_ARM,1625020820269553281,1.0919232E7
RIGHT_ARM,1625020820302886250,1.0921931E7
RIGHT_ARM,1625020820336219218,1.0925203E7
RIGHT_ARM,1625020820369552187,1.0930364E7
RIGHT_ARM,1625020820402885156,1.0933356E7
RIGHT_ARM,1625020820436218125,1.093688E7
RIGHT_ARM,1625020820469551093,1.0942536E7
RIGHT_ARM,1625020820502884062,1.094652E7
RIGHT_ARM,1625020820536217031,1.0947105E7
RIGHT_ARM,1625020820569550000,1.0951057E7
RIGHT_ARM,1625020820602882968,1.0956467E7
RIGHT_ARM,1625020820636215937,1.096051E7
RIGHT_ARM,1625020820669548906,1.0964649E7
RIGHT_ARM,1625020820702881875,1.0968957E7
RIGHT_ARM,1625020820736214843,1.0972229E7
RIGHT_ARM,1625020820769547812,1.0967424E7
RIGHT_ARM,1625020820802880781,1.0940157E7
RIGHT_ARM,1625020820836213750,1.0904085E7
RIGHT_ARM,1625020820869546718,1.0877024E7
RIGHT_ARM,1625020820902879687,1.08545E7
RIGHT_ARM,1625020820936212656,1.0839073E7
RIGHT_ARM,1625020820969545625,1.0820957E7
RIGHT_ARM,1625020821002878593,1.0806123E7
RIGHT_ARM,1625020821036211562,1.0802418E7
RIGHT_ARM,1625020821069544531,1.0802004E7
RIGHT_ARM,1625020821102877500,1.0801355E7
RIGHT_ARM,1625020821136210468,1.080058E7
RIGHT_ARM,1625020821169543437,1.0795905E7
RIGHT_ARM,1625020821202876406,1.0797238E7
RIGHT_ARM,1625020821236209375,1.0797923E7
RIGHT_ARM,1625020821269542343,1.0797121E7
RIGHT_ARM,1625020821302875312,1.0800729E7
RIGHT_ARM,1625020821336208281,1.0801368E7
RIGHT_ARM,1625020821369541250,1.0806127E7
RIGHT_ARM,1625020821402874218,1.0809073E7
RIGHT_ARM,1625020821436207187,1.0811429E7
RIGHT_ARM,1625020821469540156,1.0813298E7
RIGHT_ARM,1625020821502873125,1.0814573E7
RIGHT_ARM,1625020821536206093,1.0818727E7
RIGHT_ARM,1625020821569539062,1.082058E7
RIGHT_ARM,1625020821602872031,1.0825753E7
RIGHT_ARM,1625020821636205000,1.0828169E7
RIGHT_ARM,1625020821669537968,1.0833913E7
RIGHT_ARM,1625020821702870937,1.0836465E7
RIGHT_ARM,1625020821736203906,1.0836713E7
RIGHT_ARM,1625020821769536875,1.0839673E7
RIGHT_ARM,1625020821802869843,1.0845677E7
RIGHT_ARM,1625020821836202812,1.0847049E7
RIGHT_ARM,1625020821869535781,1.0851047E7
RIGHT_ARM,1625020821902868750,1.0853521E7
RIGHT_ARM,1625020821936201718,1.0843988E7
RIGHT_ARM,1625020821969534687,1.0815289E7
RIGHT_ARM,1625020822002867656,1.0781321E7
RIGHT_ARM,1625020822036200625,1.0760115E7
RIGHT_ARM,1625020822069533593,1.0743325E7
RIGHT_ARM,1625020822102866562,1.072676E7
RIGHT_ARM,1625020822136199531,1.0712895E7
RIGHT_ARM,1625020822169532500,1.0702623E7
RIGHT_ARM,1625020822202865468,1.0703837E7
RIGHT_ARM,1625020822236198437,1.0707492E7
RIGHT_ARM,1625020822269531406,1.0707053E7
RIGHT_ARM,1625020822302864375,1.070676E7
RIGHT_ARM,1625020822336197343,1.0706624E7
RIGHT_ARM,1625020822369530312,1.0707329E7
RIGHT_ARM,1625020822402863281,1.0708045E7
RIGHT_ARM,1625020822436196250,1.0715257E7
RIGHT_ARM,1625020822469529218,1.0716647E7
RIGHT_ARM,1625020822502862187,1.0720591E7
RIGHT_ARM,1625020822536195156,1.0723373E7
RIGHT_ARM,1625020822569528125,1.0727789E7
RIGHT_ARM,1625020822602861093,1.0731299E7
RIGHT_ARM,1625020822636194062,1.0734053E7
RIGHT_ARM,1625020822669527031,1.0740982E7
RIGHT_ARM,1625020822702860000,1.0743269E7
RIGHT_ARM,1625020822736192968,1.0750255E7
RIGHT_ARM,1625020822769525937,1.0754691E7
RIGHT_ARM,1625020822802858906,1.0758383E7
RIGHT_ARM,1625020822836191875,1.0764947E7
RIGHT_ARM,1625020822869524843,1.0768563E7
RIGHT_ARM,1625020822902857812,1.0772915E7
RIGHT_ARM,1625020822936190781,1.0777088E7
RIGHT_ARM,1625020822969523750,1.0784833E7
RIGHT_ARM,1625020823002856718,1.0789869E7
RIGHT_ARM,1625020823036189687,1.0795057E7
RIGHT_ARM,1625020823069522656,1.0795513E7
RIGHT_ARM,1625020823102855625,1.0770818E7
RIGHT_ARM,1625020823136188593,1.0740423E7
RIGHT_ARM,1625020823169521562,1.0718127E7
RIGHT_ARM,1625020823202854531,1.0700662E7
RIGHT_ARM,1625020823236187500,1.0686183E7
RIGHT_ARM,1625020823269520468,1.0673382E7
RIGHT_ARM,1625020823302853437,1.0660128E7
RIGHT_ARM,1625020823336186406,1.0656253E7
RIGHT_ARM,1625020823369519375,1.0656615E7
RIGHT_ARM,1625020823402852343,1.066138E7
RIGHT_ARM,1625020823436185312,1.06601E7
RIGHT_ARM,1625020823469518281,1.0662917E7
RIGHT_ARM,1625020823502851250,1.0660643E7
RIGHT_ARM,1625020823536184218,1.0665087E7
RIGHT_ARM,1625020823569517187,1.0670096E7
RIGHT_ARM,1625020823602850156,1.0671983E7
RIGHT_ARM,1625020823636183125,1.0678263E7
RIGHT_ARM,1625020823669516093,1.0679959E7
RIGHT_ARM,1625020823702849062,1.0685847E7
RIGHT_ARM,1625020823736182031,1.0690401E7
RIGHT_ARM,1625020823769515000,1.0693729E7
RIGHT_ARM,1625020823802847968,1.0697867E7
RIGHT_ARM,1625020823836180937,1.0702132E7
RIGHT_ARM,1625020823869513906,1.0704737E7
RIGHT_ARM,1625020823902846875,1.0711775E7
RIGHT_ARM,1625020823936179843,1.0712684E7
RIGHT_ARM,1625020823969512812,1.0720797E7
RIGHT_ARM,1625020824002845781,1.0723203E7
RIGHT_ARM,1625020824036178750,1.0728213E7
RIGHT_ARM,1625020824069511718,1.0729664E7
RIGHT_ARM,1625020824102844687,1.0734265E7
RIGHT_ARM,1625020824136177656,1.0737313E7
RIGHT_ARM,1625020824169510625,1.0741129E7
RIGHT_ARM,1625020824202843593,1.0747232E7
RIGHT_ARM,1625020824236176562,1.0742763E7
RIGHT_ARM,1625020824269509531,1.0723073E7
RIGHT_ARM,1625020824302842500,1.0693373E7
RIGHT_ARM,1625020824336175468,1.0665617E7
RIGHT_ARM,1625020824369508437,1.0650477E7
RIGHT_ARM,1625020824402841406,1.0632802E7
RIGHT_ARM,1625020824436174375,1.0615433E7
RIGHT_ARM,1625020824469507343,1.0606457E7
RIGHT_ARM,1625020824502840312,1.0595778E7
RIGHT_ARM,1625020824536173281,1.0595987E7
RIGHT_ARM,1625020824569506250,1.0596495E7
RIGHT_ARM,1625020824602839218,1.0596432E7
RIGHT_ARM,1625020824636172187,1.0593999E7
RIGHT_ARM,1625020824669505156,1.0593639E7
RIGHT_ARM,1625020824702838125,1.0595119E7
RIGHT_ARM,1625020824736171093,1.0597242E7
RIGHT_ARM,1625020824769504062,1.060033E7
RIGHT_ARM,1625020824802837031,1.0602531E7
RIGHT_ARM,1625020824836170000,1.0607987E7
RIGHT_ARM,1625020824869502968,1.0610149E7
RIGHT_ARM,1625020824902835937,1.0613724E7
RIGHT_ARM,1625020824936168906,1.0614392E7
RIGHT_ARM,1625020824969501875,1.061796E7
RIGHT_ARM,1625020825002834843,1.0620748E7
RIGHT_ARM,1625020825036167812,1.0624559E7
RIGHT_ARM,1625020825069500781,1.0626419E7
RIGHT_ARM,1625020825102833750,1.0629041E7
RIGHT_ARM,1625020825136166718,1.0633492E7
RIGHT_ARM,1625020825169499687,1.0636916E7
RIGHT_ARM,1625020825202832656,1.0638476E7
RIGHT_ARM,1625020825236165625,1.0643119E7
RIGHT_ARM,1625020825269498593,1.0648554E7
RIGHT_ARM,1625020825302831562,1.0652637E7
RIGHT_ARM,1625020825336164531,1.0654183E7
RIGHT_ARM,1625020825369497500,1.0647501E7
RIGHT_ARM,1625020825402830468,1.062468E7
RIGHT_ARM,1625020825436163437,1.0595853E7
RIGHT_ARM,1625020825469496406,1.0574983E7
RIGHT_ARM,1625020825502829375,1.056104E7
RIGHT_ARM,1625020825536162343,1.0545009E7
RIGHT_ARM,1625020825569495312,1.053231E7
RIGHT_ARM,1625020825602828281,1.0521394E7
RIGHT_ARM,1625020825636161250,1.0522177E7
RIGHT_ARM,1625020825669494218,1.0523467E7
RIGHT_ARM,1625020825702827187,1.0525277E7
RIGHT_ARM,1625020825736160156,1.0522844E7
RIGHT_ARM,1625020825769493125,1.0524079E7
RIGHT_ARM,1625020825802826093,1.0525737E7
RIGHT_ARM,1625020825836159062,1.0527821E7
RIGHT_ARM,1625020825869492031,1.0530261E7
RIGHT_ARM,1625020825902825000,1.0534497E7
RIGHT_ARM,1625020825936157968,1.0539297E7
RIGHT_ARM,1625020825969490937,1.0542945E7
RIGHT_ARM,1625020826002823906,1.0545816E7
RIGHT_ARM,1625020826036156875,1.0552904E7
RIGHT_ARM,1625020826069489843,1.0554732E7
RIGHT_ARM,1625020826102822812,1.0559579E7
RIGHT_ARM,1625020826136155781,1.0559883E7
RIGHT_ARM,1625020826169488750,1.0564648E7
RIGHT_ARM,1625020826202821718,1.0568833E7
RIGHT_ARM,1625020826236154687,1.0573903E7
RIGHT_ARM,1625020826269487656,1.0576065E7
RIGHT_ARM,1625020826302820625,1.0580269E7
RIGHT_ARM,1625020826336153593,1.0586765E7
RIGHT_ARM,1625020826369486562,1.0588666E7
RIGHT_ARM,1625020826402819531,1.0594031E7
RIGHT_ARM,1625020826436152500,1.059316E7
RIGHT_ARM,1625020826469485468,1.0579671E7
RIGHT_ARM,1625020826502818437,1.0550561E7
RIGHT_ARM,1625020826536151406,1.0523363E7
RIGHT_ARM,1625020826569484375,1.0435205E7
RIGHT_ARM,1625020826602817343,1.0275539E7
RIGHT_ARM,1625020826636150312,1.0262536E7
RIGHT_ARM,1625020826669483281,1.0250203E7
RIGHT_ARM,1625020826702816250,1.0240085E7
RIGHT_ARM,1625020826736149218,1.0240887E7
RIGHT_ARM,1625020826769482187,1.0244722E7
RIGHT_ARM,1625020826802815156,1.0246869E7
RIGHT_ARM,1625020826836148125,1.0247595E7
RIGHT_ARM,1625020826869481093,1.0247896E7
RIGHT_ARM,1625020826902814062,1.0248792E7
RIGHT_ARM,1625020826936147031,1.0250961E7
RIGHT_ARM,1625020826969480000,1.0254527E7
RIGHT_ARM,1625020827002812968,1.0258093E7
RIGHT_ARM,1625020827036145937,1.0262115E7
RIGHT_ARM,1625020827069478906,1.0264129E7
RIGHT_ARM,1625020827102811875,1.0270734E7
RIGHT_ARM,1625020827136144843,1.0274164E7
RIGHT_ARM,1625020827169477812,1.0276669E7
RIGHT_ARM,1625020827202810781,1.0282539E7
RIGHT_ARM,1625020827236143750,1.0284839E7
RIGHT_ARM,1625020827269476718,1.0288589E7
RIGHT_ARM,1625020827302809687,1.0292543E7
RIGHT_ARM,1625020827336142656,1.0297263E7
RIGHT_ARM,1625020827369475625,1.0302381E7
RIGHT_ARM,1625020827402808593,1.0302521E7
RIGHT_ARM,1625020827436141562,1.0306995E7
RIGHT_ARM,1625020827469474531,1.0311073E7
RIGHT_ARM,1625020827502807500,1.0313593E7
RIGHT_ARM,1625020827536140468,1.0316167E7
RIGHT_ARM,1625020827569473437,1.0312037E7
RIGHT_ARM,1625020827602806406,1.0290919E7
RIGHT_ARM,1625020827636139375,1.0261797E7
RIGHT_ARM,1625020827669472343,1.023824E7
RIGHT_ARM,1625020827702805312,1.0221539E7
RIGHT_ARM,1625020827736138281,1.0207209E7
RIGHT_ARM,1625020827769471250,1.0190831E7
RIGHT_ARM,1625020827802804218,1.0179017E7
RIGHT_ARM,1625020827836137187,1.0173391E7
RIGHT_ARM,1625020827869470156,1.0175133E7
RIGHT_ARM,1625020827902803125,1.0177239E7
RIGHT_ARM,1625020827936136093,1.0178029E7
RIGHT_ARM,1625020827969469062,1.0182228E7
RIGHT_ARM,1625020828002802031,1.018005E7
RIGHT_ARM,1625020828036135000,1.0183706E7
RIGHT_ARM,1625020828069467968,1.0187627E7
RIGHT_ARM,1625020828102800937,1.0189413E7
RIGHT_ARM,1625020828136133906,1.0194771E7
RIGHT_ARM,1625020828169466875,1.0196962E7
RIGHT_ARM,1625020828202799843,1.0201331E7
RIGHT_ARM,1625020828236132812,1.0204847E7
RIGHT_ARM,1625020828269465781,1.0208288E7
RIGHT_ARM,1625020828302798750,1.0210653E7
RIGHT_ARM,1625020828336131718,1.0216051E7
RIGHT_ARM,1625020828369464687,1.0218901E7
RIGHT_ARM,1625020828402797656,1.0221575E7
RIGHT_ARM,1625020828436130625,1.0226633E7
RIGHT_ARM,1625020828469463593,1.0229697E7
RIGHT_ARM,1625020828502796562,1.0235148E7
RIGHT_ARM,1625020828536129531,1.02343E7
RIGHT_ARM,1625020828569462500,1.0236473E7
RIGHT_ARM,1625020828602795468,1.02413E7
RIGHT_ARM,1625020828636128437,1.0244494E7
RIGHT_ARM,1625020828669461406,1.0247223E7
RIGHT_ARM,1625020828702794375,1.0250035E7
RIGHT_ARM,1625020828736127343,1.0242693E7
RIGHT_ARM,1625020828769460312,1.0220208E7
RIGHT_ARM,1625020828802793281,1.0189975E7
RIGHT_ARM,1625020828836126250,1.0168699E7
RIGHT_ARM,1625020828869459218,1.0151759E7
RIGHT_ARM,1625020828902792187,1.0138456E7
RIGHT_ARM,1625020828936125156,1.0123835E7
RIGHT_ARM,1625020828969458125,1.0112167E7
RIGHT_ARM,1625020829002791093,1.0112212E7
RIGHT_ARM,1625020829036124062,1.0115555E7
RIGHT_ARM,1625020829069457031,1.0117916E7
RIGHT_ARM,1625020829102790000,1.0115147E7
RIGHT_ARM,1625020829136122968,1.0115888E7
RIGHT_ARM,1625020829169455937,1.0116557E7
RIGHT_ARM,1625020829202788206,1.0118405E7
RIGHT_ARM,1625020829236121175,1.0121613E7
RIGHT_ARM,1625020829269454613,1.0124879E7
RIGHT_ARM,1625020829302787582,1.0128857E7
RIGHT_ARM,1625020829336120551,1.0133596E7
RIGHT_ARM,1625020829369453520,1.0135877E7
RIGHT_ARM,1625020829402786488,1.0139596E7
RIGHT_ARM,1625020829436119457,1.0142029E7
RIGHT_ARM,1625020829469452426,1.0144769E7
RIGHT_ARM,1625020829502785395,1.0148449E7
RIGHT_ARM,1625020829536118363,1.0149986E7
RIGHT_ARM,1625020829569451332,1.0152839E7
RIGHT_ARM,1625020829602784301,1.0157901E7
RIGHT_ARM,1625020829636117270,1.0161376E7
RIGHT_ARM,1625020829669450238,1.0165363E7
RIGHT_ARM,1625020829702783207,1.016902E7
RIGHT_ARM,1625020829736116176,1.0171747E7
RIGHT_ARM,1625020829769449145,1.0175301E7
RIGHT_ARM,1625020829802782113,1.0179008E7
RIGHT_ARM,1625020829836115082,1.0179421E7
RIGHT_ARM,1625020829869448051,1.0168793E7
RIGHT_ARM,1625020829902781020,1.0141815E7
RIGHT_ARM,1625020829936113988,1.0117695E7
RIGHT_ARM,1625020829969446957,1.0101077E7
RIGHT_ARM,1625020830002779926,1.0089656E7
RIGHT_ARM,1625020830036112895,1.0080101E7
RIGHT_ARM,1625020830069445863,1.0070737E7
RIGHT_ARM,1625020830102778832,1.0063667E7
RIGHT_ARM,1625020830136111801,1.0066453E7
RIGHT_ARM,1625020830169444770,1.0071661E7
RIGHT_ARM,1625020830202777738,1.0071037E7
RIGHT_ARM,1625020830236110707,1.0069968E7
RIGHT_ARM,1625020830269443676,1.0069955E7
RIGHT_ARM,1625020830302776645,1.0074447E7
RIGHT_ARM,1625020830336109613,1.0079588E7
RIGHT_ARM,1625020830369442582,1.0082047E7
RIGHT_ARM,1625020830402775551,1.0086193E7
RIGHT_ARM,1625020830436108520,1.0090399E7
RIGHT_ARM,1625020830469441488,1.0096008E7
RIGHT_ARM,1625020830502774457,1.0099187E7
RIGHT_ARM,1625020830536107426,1.010248E7
RIGHT_ARM,1625020830569440395,1.0104219E7
RIGHT_ARM,1625020830602773363,1.0108968E7
RIGHT_ARM,1625020830636106332,1.0112468E7
RIGHT_ARM,1625020830669439301,1.0114729E7
RIGHT_ARM,1625020830702772270,1.012018E7
RIGHT_ARM,1625020830736105238,1.012453E7
RIGHT_ARM,1625020830769438207,1.0128912E7
RIGHT_ARM,1625020830802771176,1.0128984E7
RIGHT_ARM,1625020830836104145,1.0132309E7
RIGHT_ARM,1625020830869437113,1.0136899E7
RIGHT_ARM,1625020830902770082,1.0139957E7
RIGHT_ARM,1625020830936103051,1.0143753E7
RIGHT_ARM,1625020830969436020,1.0144437E7
RIGHT_ARM,1625020831002768988,1.0126792E7
RIGHT_ARM,1625020831036101957,1.0099264E7
RIGHT_ARM,1625020831069434926,1.0071938E7
RIGHT_ARM,1625020831102767895,1.0057859E7
RIGHT_ARM,1625020831136100863,1.0048071E7
RIGHT_ARM,1625020831169433832,1.0033935E7
RIGHT_ARM,1625020831202766801,1.0023328E7
RIGHT_ARM,1625020831236099770,1.0015551E7
RIGHT_ARM,1625020831269432738,1.0019693E7
RIGHT_ARM,1625020831302765707,1.0020725E7
RIGHT_ARM,1625020831336098676,1.0021069E7
RIGHT_ARM,1625020831369431645,1.0020781E7
RIGHT_ARM,1625020831402764613,1.0022649E7
RIGHT_ARM,1625020831436097582,1.0023521E7
RIGHT_ARM,1625020831469430551,1.0029191E7
RIGHT_ARM,1625020831502763520,1.0032192E7
RIGHT_ARM,1625020831536096488,1.0035339E7
RIGHT_ARM,1625020831569429457,1.0039828E7
RIGHT_ARM,1625020831602762426,1.0046037E7
RIGHT_ARM,1625020831636095395,1.0050321E7
RIGHT_ARM,1625020831669428363,1.0053621E7
RIGHT_ARM,1625020831702761332,1.0057039E7
RIGHT_ARM,1625020831736094301,1.0061095E7
RIGHT_ARM,1625020831769427270,1.006456E7
RIGHT_ARM,1625020831802760238,1.0069915E7
RIGHT_ARM,1625020831836093207,1.0071771E7
RIGHT_ARM,1625020831869426176,1.0077097E7
RIGHT_ARM,1625020831902759145,1.0080675E7
RIGHT_ARM,1625020831936092113,1.0082967E7
RIGHT_ARM,1625020831969425082,1.0086759E7
RIGHT_ARM,1625020832002758051,1.0089685E7
RIGHT_ARM,1625020832036091020,1.0094423E7
RIGHT_ARM,1625020832069423988,1.0098061E7
RIGHT_ARM,1625020832102756957,1.0102213E7
RIGHT_ARM,1625020832136089926,1.010776E7
RIGHT_ARM,1625020832169422895,1.0100264E7
RIGHT_ARM,1625020832202755863,1.0076638E7
RIGHT_ARM,1625020832236088832,1.0044297E7
RIGHT_ARM,1625020832269421801,1.0025115E7
RIGHT_ARM,1625020832302754770,1.0009798E7
RIGHT_ARM,1625020832336087738,9996241.0
RIGHT_ARM,1625020832369420707,9985905.0
RIGHT_ARM,1625020832402753676,9972917.0
RIGHT_ARM,1625020832436086645,9971129.0
RIGHT_ARM,1625020832469419613,9972577.0
RIGHT_ARM,1625020832502752582,9976619.0
RIGHT_ARM,1625020832536085551,9973439.0
RIGHT_ARM,1625020832569418520,9975663.0
RIGHT_ARM,1625020832602751488,9977220.0
RIGHT_ARM,1625020832636084457,9979407.0
RIGHT_ARM,1625020832669417426,9982759.0
RIGHT_ARM,1625020832702750395,9983540.0
RIGHT_ARM,1625020832736083363,9988999.0
RIGHT_ARM,1625020832769416332,9993111.0
RIGHT_ARM,1625020832802749301,9997168.0
RIGHT_ARM,1625020832836082270,1.0002081E7
RIGHT_ARM,1625020832869415238,1.0003572E7
RIGHT_ARM,1625020832902748207,1.0003739E7
RIGHT_ARM,1625020832936081176,1.0011505E7
RIGHT_ARM,1625020832969414145,1.0014852E7
RIGHT_ARM,1625020833002747113,1.0017515E7
RIGHT_ARM,1625020833036080082,1.0021055E7
RIGHT_ARM,1625020833069413051,1.0024131E7
RIGHT_ARM,1625020833102746020,1.0029675E7
RIGHT_ARM,1625020833136078988,1.0033481E7
RIGHT_ARM,1625020833169411957,1.0036876E7
RIGHT_ARM,1625020833202744926,1.0040129E7
RIGHT_ARM,1625020833236077895,1.0043648E7
RIGHT_ARM,1625020833269410863,1.0046663E7
RIGHT_ARM,1625020833302743832,1.0052466E7
RIGHT_ARM,1625020833336076801,1.0055713E7
RIGHT_ARM,1625020833369409770,1.0046825E7
RIGHT_ARM,1625020833402742738,1.0022449E7
RIGHT_ARM,1625020833436075707,9990827.0
RIGHT_ARM,1625020833469408676,9970229.0
RIGHT_ARM,1625020833502741645,9955143.0
RIGHT_ARM,1625020833536074613,9942529.0
RIGHT_ARM,1625020833569407582,9928791.0
RIGHT_ARM,1625020833602740551,9919373.0
RIGHT_ARM,1625020833636073520,9914785.0
RIGHT_ARM,1625020833669406488,9918288.0
RIGHT_ARM,1625020833702739457,9919210.0
RIGHT_ARM,1625020833736072426,9917676.0
RIGHT_ARM,1625020833769405395,9917859.0
RIGHT_ARM,1625020833802738363,9918397.0
RIGHT_ARM,1625020833836071332,9920657.0
RIGHT_ARM,1625020833869404301,9922977.0
RIGHT_ARM,1625020833902737270,9925505.0
RIGHT_ARM,1625020833936070238,9930056.0
RIGHT_ARM,1625020833969403207,9933536.0
RIGHT_ARM,1625020834002736176,9936763.0
RIGHT_ARM,1625020834036069145,9941716.0
RIGHT_ARM,1625020834069402113,9945560.0
RIGHT_ARM,1625020834102735082,9950539.0
RIGHT_ARM,1625020834136068051,9955714.0
RIGHT_ARM,1625020834169401020,9961665.0
RIGHT_ARM,1625020834202733988,9964561.0
RIGHT_ARM,1625020834236066957,9969269.0
RIGHT_ARM,1625020834269399926,9975123.0
RIGHT_ARM,1625020834302732895,9980448.0
RIGHT_ARM,1625020834336065863,9983601.0
RIGHT_ARM,1625020834369398832,9990840.0
RIGHT_ARM,1625020834402731801,9995757.0
RIGHT_ARM,1625020834436064770,1.0002561E7
RIGHT_ARM,1625020834469397738,1.0011605E7
RIGHT_ARM,1625020834502730707,1.0012929E7
RIGHT_ARM,1625020834536063676,1.0003236E7
RIGHT_ARM,1625020834569396645,9974693.0
RIGHT_ARM,1625020834602729613,9944365.0
RIGHT_ARM,1625020834636062582,9926118.0
RIGHT_ARM,1625020834669395551,9912595.0
RIGHT_ARM,1625020834702728520,9900936.0
RIGHT_ARM,1625020834736061488,9891056.0
RIGHT_ARM,1625020834769394457,9879926.0
RIGHT_ARM,1625020834802727426,9879673.0
RIGHT_ARM,1625020834836060395,9881005.0
RIGHT_ARM,1625020834869393363,9881013.0
RIGHT_ARM,1625020834902726332,9881827.0
RIGHT_ARM,1625020834936059301,9880289.0
RIGHT_ARM,1625020834969392270,9879612.0
RIGHT_ARM,1625020835002725238,9883707.0
RIGHT_ARM,1625020835036058207,9888099.0
RIGHT_ARM,1625020835069391176,9891579.0
RIGHT_ARM,1625020835102724145,9896805.0
RIGHT_ARM,1625020835136057113,9904087.0
RIGHT_ARM,1625020835169390082,9908952.0
RIGHT_ARM,1625020835202723051,9911898.0
RIGHT_ARM,1625020835236056020,9917591.0
RIGHT_ARM,1625020835269388988,9920968.0
RIGHT_ARM,1625020835302721957,9927464.0
RIGHT_ARM,1625020835336054926,9933231.0
RIGHT_ARM,1625020835369387895,9940853.0
RIGHT_ARM,1625020835402720863,9946513.0
RIGHT_ARM,1625020835436053832,9951773.0
RIGHT_ARM,1625020835469386801,9956591.0
RIGHT_ARM,1625020835502719770,9961679.0
RIGHT_ARM,1625020835536052738,9967395.0
RIGHT_ARM,1625020835569385707,9975087.0
RIGHT_ARM,1625020835602718676,9979839.0
RIGHT_ARM,1625020835636051645,9988058.0
RIGHT_ARM,1625020835669384613,9990261.0
RIGHT_ARM,1625020835702717582,9980019.0
RIGHT_ARM,1625020835736050551,9954953.0
RIGHT_ARM,1625020835769383520,9921716.0
RIGHT_ARM,1625020835802716488,9900721.0
RIGHT_ARM,1625020835836049457,9882596.0
RIGHT_ARM,1625020835869382426,9871565.0
RIGHT_ARM,1625020835902715395,9857897.0
RIGHT_ARM,1625020835936048363,9849532.0
RIGHT_ARM,1625020835969381332,9847208.0
RIGHT_ARM,1625020836002714301,9849839.0
RIGHT_ARM,1625020836036047270,9852205.0
RIGHT_ARM,1625020836069380238,9851273.0
RIGHT_ARM,1625020836102713207,9853517.0
RIGHT_ARM,1625020836136046176,9853779.0
RIGHT_ARM,1625020836169379145,9857919.0
RIGHT_ARM,1625020836202712113,9863805.0
RIGHT_ARM,1625020836236045082,9867774.0
RIGHT_ARM,1625020836269378051,9872653.0
RIGHT_ARM,1625020836302711020,9877253.0
RIGHT_ARM,1625020836336043988,9880345.0
RIGHT_ARM,1625020836369376957,9888461.0
RIGHT_ARM,1625020836402709926,9893411.0
RIGHT_ARM,1625020836436042895,9898231.0
RIGHT_ARM,1625020836469375863,9903968.0
RIGHT_ARM,1625020836502708832,9907945.0
RIGHT_ARM,1625020836536041801,9916481.0
RIGHT_ARM,1625020836569374770,9922885.0
RIGHT_ARM,1625020836602707738,9929747.0
RIGHT_ARM,1625020836636040707,9935992.0
RIGHT_ARM,1625020836669373676,9940664.0
RIGHT_ARM,1625020836702706645,9946951.0
RIGHT_ARM,1625020836736039613,9955423.0
RIGHT_ARM,1625020836769372582,9962025.0
RIGHT_ARM,1625020836802705551,9969188.0
RIGHT_ARM,1625020836836038520,9973833.0
RIGHT_ARM,1625020836869371488,9975143.0
RIGHT_ARM,1625020836902704457,9958689.0
RIGHT_ARM,1625020836936037426,9927996.0
RIGHT_ARM,1625020836969370395,9899527.0
RIGHT_ARM,1625020837002703363,9881309.0
RIGHT_ARM,1625020837036036332,9867899.0
RIGHT_ARM,1625020837069369301,9860853.0
RIGHT_ARM,1625020837102702270,9846309.0
RIGHT_ARM,1625020837136035238,9842095.0
RIGHT_ARM,1625020837169368207,9841708.0
RIGHT_ARM,1625020837202701176,9843799.0
RIGHT_ARM,1625020837236034145,9843603.0
RIGHT_ARM,1625020837269367113,9846623.0
RIGHT_ARM,1625020837302700082,9845412.0
RIGHT_ARM,1625020837336033051,9847930.0
RIGHT_ARM,1625020837369366020,9852635.0
RIGHT_ARM,1625020837402698988,9858173.0